user_id,total_events
2150,46
1065,45
3650,45
2355,44
9558,44
7849,44
4721,44
167,43
2953,43
7618,43
897,43
6318,42
3501,42
9472,42
3531,42
759,42
5331,41
4113,41
1911,41
7988,41
4256,41
9383,41
5134,40
4462,40
6918,40
1304,40
6148,40
5534,40
5312,40
687,40
3746,40
3642,40
4805,40
328,40
5998,40
9530,40
5182,39
1063,39
1089,39
1096,39
2649,39
7530,39
7936,39
1248,39
958,39
554,39
4570,39
5079,39
6916,39
2308,39
6847,39
5392,39
9897,39
8053,39
1455,39
5234,39
6602,38
5225,38
190,38
3551,38
6506,38
5567,38
7705,38
8535,38
4268,38
4897,38
5799,38
1623,38
8437,38
5257,38
5508,38
3413,38
7187,38
805,38
6686,38
4632,38
7762,38
6928,38
8939,38
9145,38
6667,38
3350,38
8948,38
2914,38
964,38
3815,38
8361,38
3584,38
1493,38
6936,38
3648,37
1434,37
2555,37
5750,37
3275,37
1872,37
5319,37
9533,37
1730,37
7598,37
8402,37
3982,37
4219,37
7307,37
2088,37
9722,37
137,37
3555,37
6127,37
3615,37
5150,37
1044,37
1726,37
8426,37
9854,37
8872,37
6363,37
2055,37
8288,37
2414,37
9694,37
220,37
172,37
4412,37
7959,37
6526,37
1474,37
7974,37
722,37
938,37
2601,37
479,37
161,37
2143,37
2568,36
7700,36
8513,36
7918,36
5059,36
9049,36
7025,36
2219,36
7447,36
6195,36
4765,36
9274,36
8336,36
1379,36
2564,36
8453,36
128,36
8756,36
3602,36
6419,36
9022,36
3021,36
7101,36
1663,36
2297,36
6194,36
4349,36
6079,36
9014,36
4361,36
7251,36
3489,36
5599,36
2407,36
2744,36
9761,36
1249,36
3076,36
227,36
8866,36
1270,36
9917,36
6543,36
7163,36
6694,36
5929,36
3099,36
6009,36
4605,36
2401,36
5177,36
6521,36
1103,36
9332,36
5479,36
1744,36
9749,36
7284,36
7244,36
3208,36
8208,36
5468,36
7774,36
9620,36
1112,36
3219,36
5236,36
3196,36
287,36
9347,36
5278,36
5288,36
682,36
5456,36
6613,36
4825,36
4101,36
6200,36
7991,36
7410,36
1878,36
3717,36
5709,36
8100,36
5724,35
7969,35
3774,35
3623,35
569,35
534,35
5053,35
9276,35
6325,35
2648,35
8046,35
1174,35
9607,35
6672,35
315,35
9163,35
9156,35
4692,35
6234,35
5640,35
649,35
688,35
8034,35
5327,35
8266,35
5329,35
5355,35
826,35
4853,35
4949,35
580,35
2167,35
7045,35
2160,35
7054,35
2944,35
486,35
8184,35
8656,35
6659,35
4056,35
3304,35
5401,35
8664,35
4867,35
8410,35
5616,35
3562,35
3561,35
4649,35
7273,35
9096,35
6413,35
6712,35
8679,35
4806,35
9626,35
1951,35
5273,35
6582,35
8011,35
7703,35
9655,35
7875,35
1007,35
7120,35
9831,35
9017,35
9431,35
9708,35
2490,35
3129,35
8618,35
3160,35
6006,35
6005,35
3340,35
9920,35
6095,35
8998,35
3040,35
490,35
6080,35
6717,35
1724,35
2046,35
4892,35
7469,35
2748,35
2478,35
6213,35
4681,35
1310,35
9445,35
4913,35
7925,35
2758,35
6055,35
9633,35
5130,35
6504,35
438,35
435,35
4284,35
417,35
7506,35
5172,35
9328,35
6556,35
6021,35
3514,35
199,35
5887,35
9555,35
1692,35
2709,35
6362,35
645,35
2764,35
2054,35
1475,35
2303,35
2302,35
2285,35
2280,35
4986,35
4509,35
2843,35
6105,35
3828,35
3656,35
7181,35
3589,35
9522,35
6852,35
6806,34
7732,34
3764,34
5768,34
5773,34
5751,34
7394,34
1447,34
3716,34
3719,34
2427,34
134,34
960,34
6439,34
2262,34
8787,34
3731,34
2053,34
4581,34
9564,34
6970,34
3498,34
5905,34
3985,34
1736,34
4251,34
6565,34
3921,34
8703,34
9419,34
5505,34
238,34
9907,34
9915,34
2102,34
4306,34
8578,34
4276,34
478,34
1056,34
4901,34
7930,34
2293,34
1306,34
1656,34
9151,34
7325,34
812,34
4771,34
1027,34
7349,34
8481,34
2724,34
5206,34
5480,34
1684,34
5518,34
5527,34
8875,34
7528,34
6879,34
6522,34
1019,34
175,34
156,34
8191,34
1292,34
8083,34
1620,34
6748,34
6604,34
4163,34
1954,34
353,34
8070,34
7282,34
4802,34
7981,34
4373,34
6942,34
7572,34
7579,34
2298,34
2328,34
8520,34
5263,34
9618,34
1949,34
3385,34
9893,34
5470,34
1226,34
8051,34
5486,34
9777,34
9792,34
2832,34
5565,34
6778,34
6759,34
5574,34
1590,34
3818,34
9695,34
856,34
6189,34
8910,34
5455,34
1210,34
9400,34
8666,34
3861,34
2946,34
4432,34
5073,34
978,34
6919,34
2196,34
848,34
6636,34
5297,34
346,34
4166,34
1123,34
4611,34
2318,34
9675,34
9679,34
4460,34
7399,34
5647,34
5657,34
9184,34
8464,34
9157,34
551,34
5974,34
5984,34
8227,34
9387,34
1180,34
2441,34
2646,34
661,34
695,34
947,34
948,34
4467,34
2834,34
8531,34
8532,34
9259,34
5796,34
5797,34
1517,34
5649,34
5733,34
4709,34
5725,33
6859,33
77,33
3651,33
53,33
7397,33
3683,33
3675,33
3691,33
9993,33
4978,33
4488,33
7909,33
2824,33
2256,33
2213,33
574,33
9058,33
971,33
5038,33
2896,33
2895,33
6477,33
6475,33
6109,33
9246,33
9238,33
868,33
4959,33
6432,33
2804,33
7294,33
7293,33
9279,33
541,33
539,33
527,33
526,33
5074,33
7027,33
7052,33
4416,33
9086,33
9075,33
4539,33
1012,33
6083,33
9284,33
7269,33
504,33
2973,33
7354,33
7274,33
7503,33
2141,33
5101,33
3035,33
4327,33
2100,33
6040,33
4940,33
6389,33
619,33
9104,33
9222,33
2110,33
476,33
9006,33
9845,33
429,33
8606,33
3002,33
8585,33
2093,33
2089,33
8391,33
2380,33
2708,33
642,33
6356,33
8500,33
1060,33
5197,33
8297,33
6517,33
6515,33
1091,33
9638,33
6048,33
8404,33
2370,33
2413,33
4563,33
4247,33
3128,33
9861,33
4228,33
8612,33
3142,33
1982,33
6601,33
6599,33
6597,33
9870,33
4204,33
1129,33
5991,33
8955,33
2372,33
4871,33
8478,33
9207,33
8635,33
9876,33
6595,33
6623,33
5351,33
1906,33
5339,33
7845,33
7507,33
3244,33
4141,33
4120,33
9205,33
6331,33
8901,33
9385,33
263,33
7228,33
5966,33
8061,33
4064,33
3336,33
3349,33
1189,33
5471,33
6704,33
8673,33
9403,33
6183,33
4829,33
7281,33
5502,33
8200,33
3999,33
1732,33
1705,33
9423,33
1261,33
7189,33
7819,33
7670,33
5884,33
1693,33
8471,33
810,33
7058,33
2633,33
6287,33
8086,33
9448,33
1633,33
6745,33
3841,33
3872,33
3534,33
3862,33
1330,33
6757,33
3565,33
1570,33
9138,33
6266,33
4661,33
2525,33
4763,33
8095,33
143,33
142,33
138,33
1531,33
3807,33
8759,33
3586,33
5792,33
5706,33
3605,33
2558,33
8448,33
750,33
4724,33
8455,33
7539,32
7548,32
3744,32
1446,32
7740,32
1488,32
5692,32
6830,32
3634,32
2516,32
2515,32
4723,32
6259,32
6247,32
768,32
3607,32
6833,32
5794,32
5793,32
8106,32
1390,32
1526,32
1523,32
3610,32
8753,32
9158,32
2607,32
2606,32
7079,32
9482,32
1543,32
9459,32
139,32
3597,32
8740,32
8739,32
2664,32
7316,32
7313,32
2472,32
785,32
2508,32
2594,32
4688,32
9758,32
7407,32
8160,32
5604,32
1575,32
1574,32
8722,32
8721,32
8469,32
651,32
4804,32
6181,32
2652,32
9748,32
717,32
9922,32
3566,32
1328,32
1614,32
1636,32
1631,32
5553,32
184,32
8479,32
2678,32
4836,32
9204,32
6178,32
7996,32
4854,32
691,32
3878,32
3505,32
8857,32
3859,32
3463,32
8709,32
206,32
7006,32
2733,32
9120,32
2371,32
860,32
7472,32
4868,32
9134,32
9132,32
4634,32
1667,32
5865,32
7552,32
3895,32
5877,32
9409,32
8870,32
9912,32
232,32
8869,32
6167,32
4593,32
2734,32
6352,32
3954,32
1718,32
5927,32
1733,32
1760,32
243,32
8879,32
8877,32
8199,32
5951,32
5466,32
8892,32
8688,32
8686,32
6703,32
2753,32
2776,32
4898,32
895,32
8390,32
4579,32
9116,32
8885,32
8882,32
1788,32
5960,32
7770,32
285,32
3328,32
8514,32
9097,32
593,32
2828,32
7702,32
6391,32
3369,32
5439,32
5434,32
5940,32
5383,32
1811,32
9680,32
6132,32
2813,32
7908,32
7907,32
608,32
9074,32
4502,32
7089,32
7217,32
3305,32
5977,32
9611,32
9369,32
6645,32
312,32
4471,32
2271,32
942,32
939,32
4528,32
2846,32
2845,32
7630,32
589,32
7852,32
8943,32
7647,32
7641,32
6653,32
9880,32
4116,32
1144,32
5285,32
9348,32
4169,32
6622,32
4153,32
4146,32
4461,32
6112,32
5007,32
2251,32
2216,32
8944,32
1131,32
8945,32
4183,32
967,32
2237,32
2890,32
9820,32
7894,32
4218,32
7132,32
7129,32
7128,32
1975,32
7375,32
7371,32
7862,32
4234,32
8615,32
5220,32
5246,32
3090,32
7272,32
2194,32
7044,32
2223,32
8552,32
4448,32
4445,32
4443,32
410,32
409,32
9865,32
6531,32
4226,32
8279,32
2047,32
2038,32
6512,32
7558,32
7578,32
4418,32
485,32
483,32
2001,32
1066,32
5175,32
3044,32
422,32
445,32
443,32
6540,32
7114,32
9833,32
9829,32
8024,32
5080,32
2175,32
495,32
8579,32
4334,32
2104,32
2130,32
463,32
9838,32
8996,32
9011,32
4324,32
2994,32
2098,32
9644,32
2144,32
9513,32
5780,32
1385,32
1381,32
1377,32
8139,32
90,32
87,32
3714,32
5745,32
8113,32
3739,32
3677,32
6840,32
3669,32
8779,32
3712,32
7537,31
3727,31
21,31
1453,31
5758,31
1402,31
9972,31
9975,31
6926,31
78,31
49,31
9502,31
8107,31
7972,31
4735,31
4734,31
765,31
2590,31
2579,31
3750,31
5653,31
5798,31
1530,31
1529,31
9956,31
6269,31
708,31
6260,31
4717,31
3067,31
7260,31
9830,31
465,31
2981,31
9038,31
4382,31
2138,31
2129,31
2929,31
6895,31
8583,31
8986,31
4332,31
995,31
5156,31
511,31
7560,31
2947,31
2974,31
2972,31
2971,31
2161,31
4430,31
4428,31
2916,31
2024,31
2080,31
8289,31
3071,31
6554,31
9841,31
4407,31
991,31
6097,31
6917,31
5045,31
9054,31
6450,31
8546,31
8594,31
7235,31
4250,31
1991,31
1081,31
8276,31
8273,31
2044,31
9630,31
1974,31
1972,31
1970,31
7376,31
5254,31
4240,31
382,31
6591,31
4230,31
1996,31
1099,31
5219,31
2005,31
6571,31
416,31
4192,31
7866,31
4405,31
4404,31
2934,31
9050,31
953,31
952,31
950,31
969,31
5010,31
4433,31
7897,31
7136,31
4202,31
6003,31
2243,31
4452,31
4449,31
4479,31
545,31
566,31
1118,31
5990,31
5277,31
7365,31
1941,31
8956,31
8946,31
4196,31
6580,31
4161,31
6610,31
6640,31
9885,31
9881,31
3232,31
6014,31
1146,31
5286,31
3171,31
3190,31
9873,31
4458,31
2903,31
6106,31
9251,31
2253,31
6643,31
7853,31
4473,31
882,31
916,31
4962,31
4991,31
548,31
2859,31
3234,31
3261,31
4111,31
1888,31
1165,31
5340,31
1915,31
4069,31
4068,31
8542,31
9673,31
9665,31
7704,31
6137,31
2815,31
6426,31
4092,31
7835,31
1818,31
1817,31
1861,31
5367,31
5364,31
2829,31
8009,31
904,31
2324,31
2294,31
2290,31
635,31
7922,31
8216,31
9379,31
5394,31
5422,31
5971,31
5970,31
8224,31
9384,31
4906,31
6160,31
6156,31
4910,31
9118,31
3971,31
1208,31
9598,31
9596,31
1762,31
1790,31
5447,31
7763,31
4006,31
8528,31
2831,31
244,31
9903,31
215,31
3976,31
3972,31
7392,31
7389,31
5947,31
1229,31
5433,31
6708,31
7775,31
6384,31
7104,31
2787,31
2333,31
2379,31
2389,31
9681,31
872,31
839,31
8000,31
8486,31
4603,31
4566,31
6900,31
9763,31
5935,31
1234,31
1748,31
3991,31
3406,31
9574,31
9572,31
3938,31
6726,31
6691,31
7521,31
3934,31
3927,31
3925,31
5909,31
5523,31
5520,31
1719,31
7212,31
3962,31
6396,31
9560,31
7004,31
2374,31
4875,31
4869,31
8408,31
9769,31
6311,31
2700,31
7003,31
5875,31
9578,31
5861,31
6993,31
5530,31
9420,31
1677,31
164,31
6750,31
3517,31
3474,31
3884,31
3469,31
3892,31
3915,31
8854,31
3487,31
6742,31
223,31
7164,31
5885,31
6945,31
9921,31
7795,31
4596,31
6196,31
4824,31
6332,31
663,31
662,31
6328,31
9122,31
3536,31
8731,31
5543,31
1657,31
1680,31
1678,31
3852,31
2647,31
4840,31
9185,31
9709,31
7940,31
712,31
673,31
4668,31
4665,31
9932,31
3546,31
3568,31
1323,31
1321,31
1645,31
3801,31
2479,31
815,31
4789,31
2598,31
7305,31
2627,31
4685,31
3808,31
5626,31
1596,31
5612,31
5854,31
5843,31
8171,31
8723,31
4704,31
4701,31
4753,31
6240,31
9720,31
792,31
6232,31
4776,31
6776,31
3773,31
5669,31
5635,31
5812,31
1355,31
5648,31
1561,31
8109,31
45,31
60,31
3664,31
3660,31
8133,31
7738,31
5655,31
3761,31
6854,31
8767,31
3730,31
8444,31
2541,31
9179,31
9172,31
2115,31
5123,31
460,31
4342,31
6498,31
6875,31
493,31
2999,31
2128,31
2126,31
8020,31
1030,31
9646,31
7353,31
55,31
5700,31
9991,30
9966,30
69,30
8796,30
1428,30
1431,30
7420,30
9970,30
9977,30
8783,30
89,30
6860,30
3604,30
9957,30
9948,30
9950,30
3775,30
6812,30
6815,30
124,30
126,30
8124,30
8808,30
8801,30
8802,30
129,30
6794,30
3821,30
3812,30
8824,30
3569,30
8832,30
6760,30
3521,30
5737,30
1438,30
1439,30
8118,30
3526,30
3511,30
3869,30
7802,30
149,30
155,30
182,30
163,30
165,30
3490,30
3504,30
7165,30
3901,30
3902,30
5781,30
5722,30
1461,30
1462,30
6730,30
6740,30
8708,30
3911,30
3890,30
3425,30
3468,30
6722,30
3941,30
3949,30
8137,30
7191,30
7533,30
3967,30
3984,30
8691,30
211,30
9901,30
7529,30
3408,30
4015,30
6697,30
6700,30
246,30
267,30
8684,30
3364,30
5708,30
3374,30
4010,30
4037,30
8905,30
3358,30
3326,30
279,30
8897,30
8898,30
4017,30
7141,30
3285,30
3315,30
3317,30
4086,30
4087,30
5795,30
1511,30
1519,30
1491,30
6647,30
291,30
303,30
275,30
4088,30
4089,30
4096,30
8922,30
7224,30
4099,30
3235,30
9483,30
5639,30
4126,30
8645,30
8938,30
4137,30
7847,30
6646,30
3243,30
9879,30
6635,30
3220,30
6594,30
7514,30
7517,30
3212,30
9544,30
5837,30
5811,30
4191,30
323,30
357,30
359,30
6614,30
4207,30
339,30
369,30
3109,30
3110,30
8623,30
395,30
4235,30
9458,30
7400,30
8166,30
3106,30
4238,30
4255,30
6561,30
3094,30
7259,30
3081,30
3057,30
8974,30
9844,30
3049,30
4311,30
9463,30
5617,30
8165,30
4319,30
8985,30
8991,30
441,30
423,30
4346,30
9002,30
452,30
3023,30
4321,30
6874,30
4397,30
2984,30
8571,30
1337,30
1338,30
470,30
7498,30
7249,30
2976,30
6511,30
7266,30
6508,30
6509,30
487,30
9824,30
517,30
518,30
9040,30
4419,30
9046,30
5569,30
1600,30
5570,30
6488,30
8550,30
2921,30
8558,30
7892,30
7902,30
4464,30
2894,30
8534,30
7621,30
7623,30
9452,30
591,30
2818,30
4510,30
4486,30
4499,30
7906,30
2786,30
9779,30
594,30
4556,30
7696,30
7090,30
6399,30
6371,30
2768,30
9105,30
8506,30
5548,30
5550,30
8190,30
5582,30
7488,30
6382,30
2722,30
2732,30
669,30
6349,30
6903,30
2706,30
8484,30
4618,30
4619,30
1253,30
9770,30
9772,30
8465,30
690,30
9146,30
2657,30
4663,30
6314,30
4643,30
4676,30
7960,30
2635,30
2636,30
7302,30
7306,30
9152,30
2625,30
4689,30
4693,30
9432,30
9434,30
9450,30
4698,30
6272,30
6242,30
6927,30
2604,30
4727,30
4728,30
6225,30
7967,30
2572,30
1269,30
9439,30
1691,30
6982,30
5538,30
7977,30
6244,30
748,30
4741,30
9183,30
2535,30
8438,30
2526,30
2527,30
793,30
1201,30
9714,30
7080,30
4790,30
832,30
4798,30
4769,30
8420,30
8432,30
845,30
2460,30
9187,30
9189,30
9198,30
4841,30
2424,30
4826,30
5482,30
9410,30
1247,30
1255,30
1258,30
6206,30
2386,30
4837,30
6192,30
2373,30
2403,30
2404,30
838,30
8399,30
9584,30
5925,30
6154,30
891,30
896,30
6158,30
2347,30
2348,30
2365,30
4944,30
4919,30
4921,30
899,30
8006,30
8008,30
6115,30
7607,30
7595,30
867,30
8379,30
4983,30
2273,30
2286,30
2261,30
8366,30
5000,30
2270,30
2246,30
9248,30
9250,30
963,30
6099,30
6101,30
2236,30
5013,30
1220,30
1230,30
8072,30
7363,30
975,30
9272,30
982,30
986,30
961,30
7712,30
2193,30
7026,30
5078,30
2190,30
2155,30
1786,30
5430,30
9649,30
6944,30
9286,30
9664,30
9291,30
2145,30
2142,30
7350,30
998,30
1025,30
1028,30
8023,30
8306,30
8318,30
1823,30
5427,30
1793,30
9399,30
2105,30
2106,30
2107,30
5157,30
5159,30
5161,30
5162,30
5167,30
6059,30
8300,30
1183,30
9606,30
8215,30
1819,30
1070,30
1036,30
5228,30
2041,30
8274,30
1085,30
6022,30
5239,30
5240,30
2017,30
7035,30
1094,30
1981,30
1847,30
9389,30
1831,30
5378,30
7345,30
1966,30
6004,30
1967,30
1968,30
5265,30
5270,30
1128,30
1134,30
9616,30
1113,30
1952,30
1960,30
5279,30
5249,30
5294,30
7726,30
9609,30
5300,30
5999,30
1143,30
1907,30
7434,30
1899,30
1902,30
1875,30
5353,30
1867,30
1883,30
9361,30
5346,30
1853,30
1860,30
1865,30
7715,30
3693,30
62,30
63,30
3701,30
3710,30
52,30
6845,30
7,30
11,30
7541,29
9995,29
8795,29
7418,29
7419,29
9976,29
8784,29
3697,29
7182,29
7021,29
7714,29
7716,29
9999,29
73,29
93,29
95,29
6862,29
3757,29
99,29
100,29
9374,29
1901,29
5358,29
5336,29
1870,29
9366,29
5370,29
3624,29
7789,29
9955,29
8119,29
8811,29
3608,29
3612,29
3613,29
8760,29
7652,29
9943,29
5342,29
8251,29
8252,29
6954,29
7792,29
6797,29
3797,29
7198,29
3814,29
3564,29
9923,29
7806,29
6777,29
3549,29
3522,29
1931,29
7581,29
3557,29
1436,29
1440,29
5760,29
3510,29
7799,29
174,29
145,29
8837,29
8856,29
6751,29
186,29
6768,29
3493,29
8229,29
1844,29
5302,29
5717,29
1383,29
1384,29
7412,29
7417,29
5754,29
8108,29
5786,29
1458,29
3903,29
177,29
8272,29
5290,29
6738,29
3904,29
3481,29
3919,29
3929,29
3931,29
7823,29
6725,29
198,29
3939,29
3943,29
5763,29
5807,29
9497,29
5253,29
1127,29
6028,29
6002,29
3445,29
3451,29
3923,29
3411,29
3417,29
3423,29
237,29
239,29
9911,29
9914,29
3434,29
8690,29
212,29
1849,29
5377,29
3379,29
3419,29
3989,29
8883,29
8886,29
8889,29
8891,29
8678,29
270,29
9890,29
3330,29
5677,29
1495,29
9525,29
7030,29
7038,29
6007,29
1097,29
1078,29
1977,29
1979,29
1997,29
3347,29
3348,29
3329,29
8900,29
4040,29
7139,29
7148,29
8285,29
2006,29
5223,29
8657,29
3289,29
5818,29
5676,29
273,29
8917,29
7219,29
4098,29
3277,29
4122,29
9487,29
1525,29
1533,29
1508,29
1509,29
8105,29
2042,29
6017,29
8282,29
3254,29
8649,29
332,29
3245,29
8937,29
9884,29
7511,29
7642,29
3221,29
7515,29
7492,29
7494,29
349,29
4157,29
1041,29
1010,29
1050,29
5204,29
3213,29
3191,29
1314,29
9540,29
9547,29
9549,29
8159,29
1545,29
9642,29
1153,29
1156,29
1200,29
5435,29
1808,29
7247,29
8628,29
8629,29
3198,29
4181,29
4194,29
6615,29
4197,29
4206,29
3126,29
3161,29
2070,29
5189,29
9308,29
338,29
370,29
6605,29
3148,29
6588,29
379,29
337,29
8963,29
1555,29
1557,29
1567,29
8154,29
8155,29
8156,29
2083,29
5154,29
6062,29
6035,29
2090,29
4210,29
3119,29
8961,29
402,29
405,29
408,29
7871,29
3097,29
7258,29
4287,29
4260,29
3082,29
5446,29
5452,29
1795,29
1797,29
9395,29
2081,29
8976,29
6519,29
3068,29
3069,29
4317,29
5609,29
9460,29
5588,29
5621,29
8320,29
5105,29
5107,29
5090,29
5136,29
8309,29
8313,29
4320,29
8980,29
4336,29
8584,29
440,29
3025,29
9003,29
2998,29
6069,29
8335,29
4322,29
4357,29
9836,29
6878,29
6500,29
6501,29
4368,29
9016,29
4369,29
4380,29
2978,29
8170,29
1335,29
5845,29
5868,29
8175,29
6913,29
6915,29
2169,29
9281,29
5082,29
5057,29
6084,29
7504,29
9827,29
7119,29
7887,29
7682,29
7685,29
7690,29
6510,29
513,29
5959,29
9404,29
1188,29
2919,29
2945,29
4431,29
2935,29
6453,29
7888,29
1569,29
1602,29
1606,29
1609,29
8167,29
544,29
2166,29
2199,29
2205,29
7050,29
7055,29
9290,29
2185,29
2189,29
2192,29
6484,29
6486,29
9052,29
4457,29
6469,29
8338,29
2180,29
9268,29
7708,29
992,29
7448,29
7452,29
9057,29
4440,29
6417,29
6458,29
6462,29
4476,29
2836,29
2837,29
4454,29
2819,29
1190,29
1223,29
1224,29
7379,29
2852,29
1325,29
8081,29
8082,29
1587,29
588,29
9793,29
9799,29
6434,29
6443,29
6444,29
2817,29
4506,29
959,29
933,29
2211,29
2212,29
968,29
4507,29
4500,29
9085,29
2802,29
577,29
582,29
6424,29
623,29
9778,29
5024,29
9780,29
9789,29
595,29
2801,29
4548,29
2773,29
7077,29
615,29
6397,29
8507,29
5568,29
8179,29
1628,29
1642,29
1612,29
6361,29
2277,29
2284,29
4992,29
6123,29
6128,29
936,29
7486,29
2743,29
626,29
6346,29
6351,29
6902,29
4568,29
4604,29
8487,29
8493,29
4617,29
9678,29
8380,29
4979,29
9566,29
1308,29
5544,29
4601,29
9133,29
2699,29
2704,29
4610,29
4652,29
4656,29
2669,29
9760,29
699,29
926,29
1774,29
1754,29
1759,29
1741,29
1203,29
6335,29
9149,29
2660,29
7941,29
2651,29
9137,29
4679,29
6286,29
7962,29
9756,29
2319,29
8371,29
2634,29
2624,29
1635,29
9427,29
9446,29
8092,29
8094,29
9159,29
9162,29
4714,29
7747,29
8458,29
2578,29
4937,29
2342,29
4914,29
4916,29
7068,29
2325,29
2602,29
755,29
4733,29
9181,29
2575,29
2550,29
7001,29
6980,29
1295,29
6974,29
9689,29
889,29
892,29
6159,29
2322,29
749,29
9175,29
4738,29
4745,29
2497,29
2537,29
4767,29
8440,29
2484,29
4782,29
8387,29
1242,29
753,29
1698,29
5533,29
796,29
797,29
6239,29
2502,29
2504,29
2507,29
829,29
6209,29
6221,29
4799,29
8422,29
7616,29
7315,29
2392,29
4888,29
2377,29
4909,29
2491,29
9699,29
802,29
4839,29
9212,29
4863,29
1722,29
9413,29
6197,29
6198,29
6204,29
6190,29
2411,29
2412,29
874,29
48,29
9964,29
23,29
28,29
8790,29
8794,29
3684,29
3687,29
3671,29
6846,29
3707,28
9981,28
6844,28
3703,28
5373,28
7184,28
9979,28
9971,28
7423,28
1427,28
7544,28
7542,28
3769,28
2390,28
873,28
6172,28
6165,28
6131,28
2361,28
6173,28
6849,28
9951,28
9958,28
83,28
72,28
852,28
851,28
2430,28
825,28
824,28
817,28
1257,28
1219,28
6817,28
3603,28
3630,28
5366,28
5334,28
6933,28
6931,28
1676,28
5492,28
9411,28
4855,28
4844,28
4812,28
7396,28
8807,28
8754,28
3778,28
9953,28
96,28
9940,28
81,28
9705,28
6179,28
8431,28
8427,28
8424,28
2489,28
8804,28
7664,28
7650,28
8738,28
3802,28
8126,28
1408,28
6786,28
1163,28
6951,28
5954,28
1920,28
2457,28
8405,28
4887,28
4881,28
4880,28
2391,28
2451,28
2449,28
9199,28
6779,28
7808,28
3547,28
8828,28
3813,28
3834,28
8734,28
8732,28
2465,28
6223,28
6222,28
6215,28
7983,28
807,28
7087,28
2512,28
2459,28
5986,28
6013,28
1124,28
8040,28
8038,28
1936,28
1928,28
5305,28
5873,28
5901,28
6998,28
5536,28
5528,28
9424,28
5475,28
5474,28
7321,28
3528,28
3863,28
9508,28
1437,28
5744,28
3851,28
3491,28
1743,28
8069,28
5934,28
1236,28
2523,28
7794,28
7161,28
152,28
7803,28
3877,28
5304,28
8264,28
5391,28
5982,28
5981,28
5978,28
5973,28
7665,28
3502,28
5291,28
2485,28
2500,28
4764,28
4722,28
9171,28
2556,28
783,28
5504,28
9221,28
9220,28
2321,28
6155,28
6118,28
5476,28
2522,28
9614,28
5987,28
8271,28
7368,28
7367,28
5699,28
1389,28
3897,28
5539,28
6979,28
5876,28
2543,28
4730,28
4729,28
6230,28
3457,28
8853,28
6706,28
6735,28
219,28
178,28
9610,28
5805,28
5804,28
6728,28
7824,28
6690,28
7523,28
3935,28
3930,28
3924,28
761,28
910,28
7698,28
2327,28
7069,28
2337,28
9232,28
4932,28
2544,28
747,28
740,28
739,28
2614,28
9155,28
9433,28
5857,28
9622,28
1971,28
7373,28
5251,28
7011,28
235,28
3412,28
3958,28
8701,28
8141,28
7040,28
5886,28
6975,28
2621,28
2619,28
7964,28
731,28
728,28
8461,28
5421,28
1810,28
1829,28
5406,28
5397,28
1846,28
9331,28
9330,28
6716,28
8675,28
4930,28
2313,28
6141,28
6140,28
6133,28
8003,28
8002,28
911,28
9759,28
3391,28
3346,28
3992,28
3988,28
3421,28
3395,28
9904,28
218,28
7010,28
7958,28
4683,28
7285,28
7945,28
6275,28
6301,28
6293,28
4671,28
1486,28
7731,28
5685,28
3363,28
8893,28
8682,28
8680,28
6707,28
7828,28
7772,28
700,28
1735,28
7600,28
8207,28
8195,28
5484,28
927,28
4003,28
9526,28
1978,28
1076,28
1042,28
6008,28
5789,28
9492,28
4046,28
9125,28
8467,28
4633,28
4602,28
4043,28
4042,28
7771,28
262,28
261,28
284,28
9343,28
4595,28
2691,28
1653,28
1650,28
1283,28
1281,28
1309,28
9565,28
2690,28
9141,28
9340,28
9335,28
9325,28
1994,28
1990,28
7140,28
7679,28
4021,28
4057,28
4985,28
8378,28
7339,28
9245,28
9671,28
9668,28
2683,28
4599,28
3307,28
3306,28
8668,28
8665,28
8662,28
1986,28
7761,28
4615,28
4564,28
6884,28
6897,28
672,28
652,28
2694,28
9117,28
6660,28
299,28
5675,28
1489,28
1514,28
5820,28
1363,28
1507,28
9776,28
914,28
6121,28
4965,28
4990,28
4616,28
1528,28
1522,28
5638,28
3266,28
3265,28
4105,28
4090,28
8644,28
1601,28
8181,28
5566,28
6889,28
4592,28
7926,28
2707,28
6041,28
6010,28
1059,28
8277,28
3237,28
3222,28
4117,28
4140,28
6670,28
309,28
305,28
3264,28
3255,28
8940,28
3210,28
2754,28
2769,28
2798,28
333,28
347,28
4148,28
4147,28
7639,28
6625,28
7854,28
9882,28
7638,28
7635,28
7634,28
9254,28
2248,28
2267,28
2263,28
5001,28
4996,28
621,28
7920,28
9541,28
5187,28
5213,28
2059,28
2056,28
2052,28
9320,28
5178,28
1053,28
1046,28
1040,28
8631,28
4505,28
7905,28
606,28
9073,28
5017,28
4511,28
5039,28
929,28
7627,28
4543,28
7246,28
9605,28
1184,28
1179,28
1062,28
7241,28
6619,28
364,28
322,28
6608,28
6606,28
3199,28
4179,28
8638,28
5174,28
590,28
549,28
5556,28
1327,28
1322,28
1319,28
5171,28
9300,28
5190,28
8291,28
2067,28
6585,28
1769,28
8052,28
2822,28
2820,28
4232,28
8609,28
3150,28
3141,28
3113,28
9872,28
340,28
4223,28
5644,28
7404,28
7403,28
3132,28
8971,28
8965,28
4237,28
398,28
7861,28
6589,28
4243,28
2876,28
4475,28
6463,28
546,28
576,28
570,28
536,28
4465,28
2889,28
2855,28
2851,28
6472,28
5043,28
5070,28
5068,28
980,28
8540,28
4216,28
4239,28
5147,28
6037,28
6033,28
6060,28
6058,28
9636,28
9635,28
1054,28
2118,28
8157,28
4257,28
4456,28
8554,28
8549,28
9812,28
7575,28
7569,28
2206,28
966,28
9809,28
2888,28
4279,28
7255,28
3102,28
9869,28
8603,28
8600,28
7261,28
9842,28
1611,28
1576,28
5563,28
9045,28
9044,28
9042,28
2928,28
8973,28
3061,28
3088,28
5126,28
9397,28
5454,28
5449,28
5152,28
4261,28
9651,28
1781,28
5968,28
1205,28
9591,28
520,28
5576,28
5618,28
1593,28
4313,28
4310,28
439,28
8580,28
6494,28
7693,28
7684,28
7874,28
508,28
7562,28
8982,28
8979,28
5148,28
8308,28
1026,28
9645,28
5113,28
7592,28
6502,28
475,28
471,28
9657,28
5097,28
5602,28
484,28
436,28
457,28
3038,28
389,28
418,28
6544,28
8581,28
8332,28
5855,28
8096,28
1334,28
1331,28
2988,28
2985,28
8328,28
9296,28
7359,28
8327,28
8323,28
5099,28
6068,28
9660,28
6535,28
9018,28
3008,28
6499,28
6528,28
4331,28
4350,28
8334,28
8172,28
6837,28
6835,28
8776,28
70,28
37,28
36,28
3655,28
3652,28
3619,28
3742,28
8770,28
3724,28
7722,28
9376,28
1856,28
7019,28
5347,28
3709,28
59,27
1855,27
15,27
3723,27
7155,27
5376,27
3661,27
3766,27
6855,27
6803,27
6801,27
9952,27
3732,27
3639,27
3606,27
3754,27
51,27
6816,27
7442,27
8412,27
4864,27
9202,27
5850,27
1332,27
8569,27
8567,27
4398,27
9031,27
4396,27
4393,27
7118,27
8330,27
8325,27
6094,27
1015,27
2993,27
6505,27
4374,27
6086,27
6085,27
5098,27
5058,27
5084,27
9283,27
2171,27
454,27
3018,27
3014,27
3029,27
392,27
6514,27
6542,27
6538,27
5870,27
6867,27
7880,27
499,27
2949,27
7252,27
7557,27
3055,27
4289,27
6074,27
1000,27
5133,27
7351,27
7589,27
9826,27
7499,27
468,27
8054,27
7576,27
7408,27
8162,27
5620,27
9462,27
3047,27
3045,27
6553,27
6546,27
6518,27
9848,27
4411,27
4410,27
4409,27
2932,27
2938,27
550,27
4297,27
5128,27
5448,27
9380,27
9378,27
1824,27
7586,27
7553,27
5457,27
5432,27
1785,27
1209,27
1207,27
9592,27
5577,27
4283,27
8607,27
7254,27
3103,27
6569,27
403,27
3117,27
4245,27
5595,27
5591,27
5562,27
6449,27
6478,27
4402,27
9047,27
8013,27
5041,27
2217,27
8340,27
6471,27
529,27
555,27
553,27
6056,27
6024,27
3107,27
2899,27
9810,27
6938,27
9287,27
965,27
4220,27
3138,27
3168,27
8145,27
1558,27
7593,27
8969,27
366,27
7859,27
4450,27
2870,27
2838,27
2864,27
535,27
6446,27
7453,27
977,27
946,27
974,27
972,27
1773,27
7361,27
7387,27
5444,27
1222,27
1191,27
2821,27
9795,27
6545,27
6600,27
341,27
3108,27
1302,27
1301,27
1324,27
1293,27
7296,27
4484,27
5195,27
9298,27
2075,27
8296,27
5181,27
2069,27
2096,27
3154,27
7131,27
7127,27
1061,27
9478,27
1544,27
5828,27
4200,27
8957,27
3183,27
361,27
351,27
3204,27
3176,27
3170,27
7913,27
5557,27
1621,27
1616,27
4483,27
5009,27
2240,27
2239,27
2230,27
2228,27
6108,27
931,27
957,27
8360,27
9801,27
1064,27
1821,27
1157,27
1176,27
5944,27
7567,27
9537,27
1353,27
5212,27
5210,27
4536,27
2830,27
2811,27
2807,27
2806,27
6423,27
6416,27
603,27
602,27
4503,27
4521,27
8357,27
8353,27
5020,27
1640,27
344,27
4149,27
8640,27
3218,27
9548,27
5005,27
9249,27
2241,27
8363,27
921,27
6412,27
6404,27
1510,27
4139,27
7850,27
4138,27
4133,27
3259,27
8648,27
4569,27
7097,27
2759,27
2756,27
7091,27
9087,27
9093,27
9089,27
4546,27
9115,27
2765,27
2761,27
8497,27
4574,27
6392,27
8642,27
8280,27
6020,27
6047,27
6011,27
1057,27
1088,27
5232,27
2040,27
2027,27
2260,27
2257,27
7482,27
7477,27
5871,27
5633,27
5662,27
9485,27
4123,27
3268,27
4097,27
3295,27
4091,27
1638,27
8178,27
6891,27
2696,27
2739,27
2715,27
6675,27
7838,27
6651,27
5674,27
5824,27
5822,27
1349,27
1370,27
648,27
940,27
937,27
934,27
6126,27
9583,27
2710,27
3302,27
7202,27
7227,27
4053,27
4074,27
8670,27
8667,27
8663,27
3283,27
4567,27
2705,27
2735,27
6322,27
2729,27
1286,27
1312,27
6969,27
9342,27
9337,27
9333,27
2018,27
1995,27
1993,27
7677,27
8382,27
8377,27
8376,27
869,27
9672,27
9666,27
6309,27
6308,27
8480,27
9136,27
3344,27
3343,27
257,27
288,27
277,27
7768,27
7766,27
7764,27
3357,27
5545,27
1661,27
1252,27
9750,27
8907,27
8902,27
1080,27
1075,27
1093,27
7029,27
7735,27
2641,27
8470,27
4655,27
683,27
9775,27
9774,27
9767,27
6344,27
2661,27
9233,27
5689,27
5688,27
5682,27
5679,27
8896,27
3354,27
9148,27
9147,27
1740,27
7597,27
1758,27
5485,27
693,27
6324,27
8384,27
723,27
5888,27
4013,27
4011,27
3998,27
3383,27
3381,27
9899,27
9489,27
7953,27
7939,27
6297,27
6296,27
4664,27
2666,27
2618,27
2617,27
2609,27
2638,27
4657,27
7966,27
5942,27
5413,27
5381,27
8231,27
216,27
6715,27
2316,27
2312,27
7612,27
4951,27
9501,27
1449,27
1469,27
3393,27
3968,27
8876,27
9916,27
7536,27
7210,27
3410,27
3961,27
3952,27
3448,27
8143,27
5881,27
4690,27
7755,27
6264,27
9744,27
9165,27
4700,27
4694,27
1634,27
5541,27
9732,27
5997,27
5995,27
5992,27
9629,27
1962,27
7374,27
1477,27
9600,27
8102,27
8098,27
9534,27
9527,27
7185,27
3944,27
7522,27
6026,27
760,27
2292,27
4935,27
4933,27
2565,27
2563,27
9168,27
1671,27
9438,27
1275,27
1274,27
2551,27
2548,27
6231,27
6250,27
9723,27
3429,27
3426,27
3488,27
3483,27
3472,27
6734,27
180,27
4907,27
2367,27
2366,27
4923,27
890,27
9734,27
7978,27
7975,27
9354,27
9351,27
1119,27
1116,27
9613,27
5271,27
202,27
9517,27
7666,27
8261,27
1845,27
7727,27
5979,27
5976,27
1172,27
8436,27
4752,27
4746,27
4744,27
9174,27
9170,27
778,27
9724,27
9737,27
8392,27
8389,27
4780,27
4777,27
2524,27
1267,27
6767,27
162,27
8843,27
8842,27
8834,27
3519,27
3857,27
3886,27
7797,27
3875,27
1232,27
791,27
3868,27
3865,27
8116,27
9506,27
1411,27
5743,27
5740,27
5730,27
3848,27
5503,27
1742,27
5920,27
1244,27
1239,27
9718,27
9717,27
800,27
5299,27
8048,27
7426,27
5324,27
1934,27
9942,27
6754,27
3842,27
9577,27
5894,27
5866,27
5531,27
1710,27
4883,27
8400,27
4877,27
2400,27
9930,27
9926,27
3539,27
8823,27
3578,27
3577,27
3574,27
1908,27
6217,27
4795,27
4794,27
7300,27
5771,27
3796,27
6789,27
6929,27
1167,27
1161,27
7438,27
7433,27
7430,27
8242,27
1913,27
133,27
6781,27
2354,27
2375,27
9229,27
803,27
844,27
843,27
9710,27
9698,27
4830,27
4828,27
8430,27
5914,27
130,27
8749,27
7654,27
1425,27
1400,27
1396,27
5748,27
4859,27
2438,27
2435,27
2434,27
4842,27
2475,27
858,27
5766,27
1421,27
1420,27
1417,27
1416,27
8758,27
127,27
132,27
9188,27
6208,27
822,27
2415,27
6773,27
1886,27
5359,27
5352,27
1900,27
8253,27
3594,27
3591,27
3590,27
5767,27
5908,27
9415,27
5509,27
9980,27
7177,27
7176,27
3682,27
7422,27
7543,27
5,27
3708,27
7471,27
7470,27
9688,27
7998,27
2363,27
7987,27
7985,27
6184,27
9021,27
9010,27
2963,27
4362,27
6527,27
9835,27
4359,27
4329,27
56,27
3676,27
3670,27
8788,27
3678,27
22,27
65,27
47,27
7538,26
6,26
6836,26
6858,26
6856,26
6809,26
7175,26
8778,26
8773,26
6828,26
6825,26
109,26
107,26
7784,26
7780,26
7779,26
6810,26
6770,26
136,26
9941,26
6755,26
8793,26
3673,26
171,26
170,26
9924,26
114,26
176,26
7801,26
7793,26
200,26
230,26
7532,26
6711,26
9892,26
268,26
3753,26
3749,26
3715,26
3633,26
3659,26
3658,26
3649,26
286,26
281,26
7767,26
6657,26
6682,26
304,26
301,26
6674,26
6641,26
318,26
3592,26
3768,26
3758,26
3644,26
3640,26
307,26
6654,26
335,26
7496,26
6624,26
6621,26
363,26
329,26
326,26
321,26
352,26
8806,26
3789,26
3782,26
3781,26
6603,26
9860,26
9859,26
7863,26
6575,26
6574,26
7870,26
404,26
6552,26
9856,26
9847,26
426,26
424,26
7656,26
8743,26
3806,26
3804,26
8762,26
8815,26
420,26
6507,26
453,26
6876,26
9834,26
9832,26
9825,26
467,26
6865,26
6896,26
6892,26
3819,26
8751,26
7563,26
7559,26
9823,26
482,26
6495,26
6489,26
6485,26
540,26
524,26
522,26
6482,26
6479,26
9822,26
3800,26
7649,26
7199,26
7195,26
3554,26
3582,26
9816,26
7900,26
7889,26
9807,26
6438,26
9800,26
579,26
632,26
9788,26
9786,26
3853,26
3542,26
8816,26
8829,26
3559,26
6375,26
6388,26
610,26
6338,26
647,26
7479,26
7935,26
6887,26
7760,26
3524,26
6323,26
671,26
680,26
676,26
6305,26
694,26
664,26
659,26
657,26
6326,26
7947,26
7942,26
675,26
704,26
6290,26
735,26
3888,26
3879,26
727,26
7757,26
7746,26
6267,26
743,26
9741,26
9739,26
710,26
6258,26
6227,26
779,26
774,26
7971,26
6237,26
9716,26
798,26
794,26
784,26
7668,26
7667,26
7167,26
3500,26
3497,26
3523,26
8839,26
6220,26
806,26
840,26
8713,26
8711,26
7458,26
827,26
847,26
6191,26
6175,26
7441,26
9683,26
833,26
6163,26
6162,26
6161,26
894,26
888,26
9692,26
3467,26
3456,26
3912,26
6151,26
6149,26
6119,26
6117,26
6143,26
8007,26
8004,26
908,26
903,26
949,26
918,26
956,26
990,26
3950,26
3945,26
3907,26
3936,26
984,26
6922,26
7573,26
6088,26
1017,26
1013,26
9656,26
8028,26
8019,26
8017,26
1003,26
996,26
993,26
3438,26
3957,26
8704,26
3922,26
3452,26
1049,26
6044,26
6042,26
1073,26
1100,26
1098,26
6031,26
5994,26
1137,26
5988,26
5985,26
6012,26
7425,26
1150,26
3975,26
3966,26
8871,26
7206,26
7205,26
6959,26
9608,26
9587,26
1158,26
5941,26
5938,26
1211,26
9593,26
9589,26
3986,26
8694,26
3378,26
3979,26
5956,26
8049,26
1186,26
8065,26
1238,26
8074,26
5874,26
9580,26
5893,26
5867,26
5862,26
6973,26
3362,26
4012,26
8884,26
3388,26
6971,26
9559,26
1251,26
6967,26
8084,26
5825,26
5856,26
1336,26
9546,26
9539,26
4009,26
4031,26
4029,26
4025,26
3375,26
3366,26
1391,26
1374,26
1369,26
1362,26
8104,26
5808,26
1405,26
5778,26
5777,26
7416,26
1386,26
4038,26
3352,26
4033,26
8672,26
5764,26
8127,26
1395,26
5757,26
5734,26
9519,26
9516,26
5726,26
5704,26
7742,26
7739,26
1501,26
3311,26
7146,26
7680,26
4048,26
7730,26
6992,26
6990,26
5693,26
5650,26
5670,26
1516,26
1534,26
5667,26
5660,26
8158,26
4075,26
4072,26
8671,26
3319,26
1540,26
1565,26
1556,26
9457,26
1584,26
7587,26
8164,26
5627,26
9468,26
9465,26
9464,26
1608,26
1572,26
1571,26
4095,26
4093,26
3298,26
7203,26
5558,26
5554,26
1624,26
1622,26
1615,26
1644,26
1643,26
1641,26
5583,26
5580,26
8187,26
8183,26
8182,26
8180,26
4106,26
8651,26
1658,26
1652,26
9430,26
9425,26
5542,26
5540,26
1670,26
1665,26
1712,26
1706,26
1700,26
5494,26
4125,26
4124,26
3279,26
5490,26
5511,26
5498,26
1729,26
1750,26
8201,26
1771,26
7378,26
5431,26
1767,26
1763,26
1791,26
8218,26
1820,26
1777,26
4118,26
4132,26
3251,26
3250,26
1806,26
5393,26
5424,26
5416,26
1830,26
5408,26
5407,26
5405,26
4145,26
8929,26
5404,26
8233,26
8232,26
1848,26
7725,26
1863,26
5368,26
1882,26
5363,26
5338,26
1898,26
5348,26
8250,26
8249,26
1917,26
1910,26
1877,26
7633,26
3216,26
3214,26
1921,26
5287,26
5283,26
5295,26
1946,26
5235,26
5264,26
1937,26
1964,26
7346,26
4190,26
4189,26
4188,26
3207,26
3179,26
3197,26
4180,26
5255,26
7015,26
7013,26
5247,26
1985,26
9341,26
2021,26
1989,26
1987,26
5238,26
2048,26
2028,26
4205,26
4201,26
3194,26
8953,26
5209,26
5208,26
9312,26
9309,26
5196,26
2086,26
2078,26
2077,26
2033,26
2063,26
8295,26
2095,26
5163,26
2117,26
2114,26
2084,26
2112,26
2108,26
2131,26
2123,26
8316,26
5093,26
5091,26
2134,26
5117,26
5108,26
9293,26
7334,26
8620,26
8619,26
3152,26
3140,26
7112,26
9285,26
9282,26
2172,26
2158,26
2191,26
2187,26
2182,26
5075,26
7049,26
2202,26
2168,26
2165,26
3134,26
4231,26
5047,26
5065,26
9270,26
2222,26
5036,26
5027,26
2226,26
8358,26
9262,26
9261,26
2255,26
2272,26
4253,26
8962,26
3120,26
3118,26
7236,26
7233,26
4999,26
2288,26
8375,26
8374,26
4973,26
4954,26
4953,26
7615,26
3080,26
3079,26
3104,26
4948,26
7706,26
7697,26
7072,26
2289,26
2338,26
4903,26
4850,26
2396,26
2362,26
2406,26
4833,26
9211,26
4300,26
3063,26
4821,26
4819,26
2421,26
2420,26
9215,26
4811,26
4807,26
2461,26
2488,26
2456,26
2455,26
8417,26
4791,26
4786,26
4309,26
4305,26
8591,26
8590,26
3078,26
3048,26
3046,26
4304,26
7063,26
7088,26
2510,26
7322,26
4762,26
4775,26
8434,26
2542,26
2539,26
2538,26
2536,26
2529,26
8587,26
4333,26
3054,26
3051,26
9167,26
2545,26
2574,26
2573,26
4726,26
2588,26
8454,26
2612,26
2611,26
9166,26
4703,26
4347,26
9000,26
3039,26
3030,26
4345,26
4702,26
2622,26
2616,26
2640,26
4686,26
4678,26
4675,26
7308,26
4642,26
4672,26
4339,26
4367,26
4364,26
4325,26
2668,26
9144,26
9126,26
9124,26
4650,26
2676,26
9129,26
9128,26
4636,26
4625,26
2692,26
2711,26
4384,26
4371,26
8576,26
9012,26
4623,26
8496,26
8492,26
2736,26
2731,26
2747,26
4577,26
8499,26
9106,26
4571,26
2782,26
7096,26
7092,26
7681,26
7117,26
8563,26
4558,26
9099,26
2792,26
4544,26
4530,26
8526,26
2812,26
7292,26
9079,26
9078,26
4504,26
4497,26
4526,26
4482,26
7268,26
2958,26
2954,26
2968,26
7250,26
7278,26
4481,26
8543,26
2844,26
7631,26
8536,26
8533,26
2874,26
9069,26
4386,26
9039,26
2915,26
2942,26
4478,26
4474,26
4439,26
2887,26
4434,26
2911,26
9055,26
8545,26
4442,26
4429,26
6822,26
17,26
64,26
3704,26
9974,26
9994,26
9989,26
94,25
3728,25
6832,25
6827,25
6824,25
9938,25
120,25
118,25
111,25
9041,25
2927,25
2925,25
4401,25
4392,25
6818,25
27,25
67,25
105,25
7791,25
7787,25
7785,25
7783,25
7781,25
6774,25
6800,25
6799,25
6796,25
6793,25
2882,25
9062,25
2933,25
6762,25
144,25
6758,25
6783,25
3738,25
3736,25
8797,25
8792,25
4414,25
4413,25
4437,25
2879,25
4455,25
9936,25
9927,25
9925,25
173,25
6763,25
169,25
191,25
187,25
9070,25
9067,25
2941,25
6737,25
207,25
205,25
7817,25
7527,25
9906,25
9902,25
240,25
6718,25
272,25
266,25
3752,25
3618,25
7295,25
2856,25
2853,25
2823,25
6701,25
6698,25
282,25
9898,25
7765,25
6684,25
292,25
6668,25
320,25
311,25
308,25
3763,25
4490,25
4487,25
9888,25
6666,25
7851,25
7846,25
6630,25
7513,25
9874,25
345,25
7493,25
6618,25
6617,25
3629,25
3625,25
4538,25
7291,25
7288,25
9082,25
9080,25
4501,25
4527,25
4524,25
3593,25
367,25
356,25
384,25
7860,25
6586,25
6576,25
9037,25
4557,25
4547,25
9102,25
9094,25
6532,25
387,25
412,25
6530,25
6558,25
6550,25
431,25
7662,25
7658,25
3805,25
3585,25
2781,25
2779,25
8518,25
7275,25
8573,25
8572,25
8568,25
2989,25
442,25
9839,25
6497,25
492,25
9828,25
494,25
3793,25
3824,25
3822,25
8502,25
9114,25
9112,25
7076,25
7074,25
7099,25
2788,25
7663,25
7886,25
7878,25
7877,25
7564,25
521,25
488,25
512,25
2728,25
2742,25
2737,25
4587,25
8511,25
8503,25
6490,25
6487,25
9814,25
537,25
6481,25
6456,25
3830,25
3553,25
7899,25
7896,25
7891,25
7890,25
6459,25
572,25
565,25
564,25
561,25
6447,25
2964,25
2681,25
4622,25
4621,25
4614,25
4561,25
6435,25
9796,25
592,25
587,25
6429,25
6415,25
585,25
605,25
4626,25
2720,25
9036,25
634,25
9784,25
3544,25
3540,25
3573,25
9783,25
6406,25
6401,25
6378,25
7931,25
2675,25
2702,25
7928,25
7568,25
612,25
639,25
7924,25
7921,25
6383,25
6379,25
6337,25
6365,25
7483,25
4328,25
4323,25
4670,25
4669,25
8472,25
9142,25
9121,25
2688,25
2645,25
6912,25
6904,25
3871,25
3870,25
3867,25
8830,25
3532,25
7287,25
2961,25
4344,25
4366,25
4365,25
3530,25
3529,25
8728,25
6348,25
655,25
650,25
685,25
6340,25
6307,25
6334,25
696,25
7944,25
4659,25
4658,25
2593,25
4682,25
4647,25
6320,25
6319,25
9745,25
714,25
713,25
6278,25
6273,25
6304,25
732,25
3516,25
3512,25
3858,25
3885,25
3881,25
4348,25
3846,25
9757,25
7957,25
7756,25
6262,25
745,25
742,25
736,25
6253,25
6252,25
767,25
762,25
751,25
782,25
777,25
9735,25
7979,25
4706,25
2605,25
2562,25
2591,25
2584,25
8459,25
8456,25
8450,25
8848,25
8845,25
831,25
4750,25
4743,25
9169,25
2553,25
9182,25
808,25
9711,25
3486,25
3477,25
3475,25
6203,25
7461,25
7459,25
7990,25
6185,25
7443,25
9687,25
876,25
837,25
8588,25
8586,25
8981,25
8977,25
3050,25
4312,25
863,25
885,25
3896,25
3893,25
8858,25
3917,25
8720,25
6114,25
6113,25
6136,25
8012,25
4756,25
4754,25
2521,25
2517,25
2486,25
4773,25
925,25
920,25
913,25
6081,25
932,25
7188,25
3946,25
3906,25
3905,25
7065,25
2506,25
7324,25
7083,25
7082,25
3932,25
3926,25
3900,25
8015,25
6920,25
6914,25
7454,25
6937,25
6070,25
6065,25
6092,25
9663,25
9654,25
6078,25
4815,25
4772,25
4787,25
4277,25
9643,25
6036,25
3965,25
3453,25
3447,25
8428,25
2452,25
7320,25
8418,25
1051,25
1068,25
1067,25
9641,25
1079,25
1077,25
6001,25
1120,25
1109,25
1136,25
8047,25
7583,25
7580,25
4843,25
2476,25
2474,25
4801,25
4832,25
3937,25
3435,25
3433,25
8880,25
7208,25
1141,25
8037,25
8036,25
6960,25
6957,25
1168,25
1166,25
6950,25
3086,25
3083,25
4820,25
9216,25
6947,25
5955,25
1175,25
1173,25
1196,25
1195,25
5939,25
5965,25
3398,25
3397,25
3396,25
4861,25
4860,25
4852,25
4302,25
4299,25
4294,25
4293,25
1228,25
1221,25
1185,25
5922,25
5889,25
9570,25
1264,25
1254,25
1218,25
1217,25
2394,25
2359,25
2405,25
8406,25
4835,25
9210,25
9209,25
1273,25
1266,25
9568,25
5902,25
5899,25
5892,25
3332,25
4024,25
3387,25
4911,25
9230,25
9227,25
9226,25
1294,25
1284,25
1282,25
8089,25
1299,25
1298,25
1318,25
5846,25
1313,25
1342,25
1333,25
1329,25
9552,25
5836,25
5835,25
5834,25
4908,25
4900,25
9219,25
2368,25
2350,25
8397,25
8396,25
1359,25
5821,25
5817,25
4026,25
4943,25
9231,25
2307,25
2336,25
3365,25
9521,25
1366,25
9551,25
5802,25
1407,25
9524,25
5788,25
5782,25
7414,25
5775,25
4045,25
3339,25
3297,25
3325,25
3101,25
2291,25
7395,25
7421,25
1429,25
1398,25
1393,25
1423,25
8125,25
1410,25
5731,25
4957,25
2320,25
4263,25
4259,25
5702,25
5727,25
1465,25
1463,25
9509,25
5719,25
1484,25
9500,25
1468,25
8131,25
7741,25
1499,25
1498,25
1496,25
3308,25
8659,25
7121,25
9241,25
9237,25
9235,25
2304,25
8372,25
4974,25
1485,25
6991,25
6987,25
5665,25
5696,25
2265,25
8368,25
8367,25
8364,25
2282,25
4989,25
4982,25
1492,25
1518,25
1515,25
1513,25
9495,25
1541,25
5663,25
9474,25
1549,25
7229,25
4054,25
9253,25
2269,25
8595,25
4270,25
7240,25
7234,25
3320,25
8911,25
8908,25
7402,25
1568,25
1583,25
7585,25
5625,25
5619,25
1592,25
9264,25
5021,25
5015,25
1607,25
5593,25
5592,25
8913,25
3303,25
1588,25
1586,25
1639,25
5584,25
8186,25
3236,25
4067,25
7221,25
8919,25
8348,25
8345,25
8344,25
8342,25
5054,25
5050,25
5014,25
5033,25
5025,25
5551,25
5549,25
1649,25
5537,25
6978,25
7007,25
8970,25
7710,25
2224,25
2178,25
7002,25
1675,25
9440,25
6994,25
1702,25
1697,25
9421,25
3291,25
3249,25
3278,25
2204,25
7263,25
4248,25
4242,25
4211,25
3136,25
3133,25
3130,25
3269,25
8928,25
5519,25
5514,25
9416,25
1737,25
1756,25
5496,25
5104,25
5100,25
5085,25
2162,25
9289,25
5488,25
7362,25
7388,25
5472,25
5467,25
5459,25
1787,25
1784,25
9401,25
9391,25
1766,25
1792,25
1789,25
5426,25
5450,25
8220,25
7335,25
7330,25
4229,25
8614,25
3145,25
3144,25
4224,25
7111,25
3226,25
4144,25
3263,25
3256,25
2113,25
5110,25
1803,25
8213,25
8212,25
5440,25
5436,25
5419,25
5412,25
5410,25
9388,25
9386,25
4131,25
4129,25
7636,25
3248,25
8240,25
1852,25
1851,25
1843,25
8319,25
2101,25
2127,25
2125,25
2121,25
2119,25
1862,25
1825,25
7020,25
9368,25
9363,25
1881,25
2094,25
2092,25
2091,25
5141,25
5166,25
2111,25
2109,25
5129,25
5125,25
1903,25
1892,25
9370,25
8247,25
5343,25
5341,25
3162,25
3125,25
5188,25
8302,25
5184,25
2065,25
1919,25
1909,25
8627,25
4174,25
4172,25
3215,25
5317,25
5316,25
5313,25
1905,25
1926,25
2073,25
7108,25
7105,25
7134,25
3137,25
3164,25
1889,25
5307,25
8262,25
8257,25
1959,25
1947,25
5274,25
5233,25
1963,25
7347,25
4184,25
3177,25
3172,25
5211,25
2062,25
2051,25
8287,25
5176,25
5258,25
7014,25
7012,25
1999,25
1957,25
5243,25
9339,25
9338,25
2035,25
5230,25
5229,25
3195,25
8952,25
8949,25
75,25
3665,25
7174,25
9967,25
39,25
34,25
9969,25
42,25
40,25
7547,24
41,24
46,24
30,24
61,24
7782,24
7777,24
6814,24
8559,24
8556,24
8555,24
2920,24
2884,24
8275,24
2037,24
2003,24
5226,24
7123,24
4203,24
8950,24
4193,24
2015,24
2014,24
2012,24
2020,24
9326,24
9324,24
5237,24
8283,24
8281,24
9053,24
9051,24
8548,24
4403,24
3737,24
8785,24
2862,24
5185,24
9321,24
9316,24
5201,24
3169,24
7017,24
7016,24
1953,24
4468,24
9060,24
2885,24
2880,24
4459,24
8781,24
8780,24
3666,24
6782,24
1950,24
5272,24
7364,24
3180,24
3174,24
9928,24
160,24
183,24
154,24
153,24
150,24
146,24
7813,24
166,24
192,24
5284,24
5309,24
8270,24
8268,24
5250,24
5280,24
1958,24
9356,24
6752,24
2878,24
2877,24
4389,24
4388,24
4385,24
2918,24
4415,24
6746,24
1929,24
1927,24
5170,24
2072,24
2071,24
7110,24
7107,24
7106,24
179,24
204,24
9905,24
217,24
7831,24
9891,24
265,24
3748,24
1879,24
8637,24
4173,24
4170,24
5298,24
5322,24
5315,24
3663,24
3657,24
2840,24
2860,24
2826,24
8539,24
8538,24
4493,24
4491,24
225,24
5350,24
8246,24
3163,24
3158,24
3157,24
8960,24
3127,24
8304,24
8303,24
8299,24
2103,24
254,24
252,24
6702,24
6699,24
7776,24
278,24
9894,24
302,24
297,24
295,24
5333,24
5357,24
5155,24
5132,24
1873,24
1896,24
1893,24
293,24
6650,24
330,24
317,24
314,24
3765,24
8763,24
3734,24
3756,24
3645,24
5388,24
7720,24
7717,24
1866,24
1864,24
1854,24
7713,24
5371,24
9367,24
1869,24
5362,24
5121,24
5151,24
2133,24
2122,24
1816,24
1815,24
1813,24
1812,24
3638,24
7689,24
7271,24
2931,24
2930,24
2960,24
2969,24
8933,24
3247,24
3201,24
5396,24
8238,24
1842,24
306,24
6665,24
7848,24
6656,24
6655,24
6609,24
6639,24
6629,24
6628,24
6596,24
1805,24
8211,24
8209,24
5395,24
5384,24
5382,24
1837,24
1832,24
4159,24
7518,24
6620,24
365,24
358,24
327,24
3783,24
3780,24
3253,24
8941,24
8305,24
5095,24
7357,24
2140,24
5112,24
2149,24
3770,24
3632,24
4532,24
2810,24
2805,24
9076,24
4498,24
6579,24
6607,24
9292,24
3122,24
3139,24
3112,24
4221,24
8219,24
9382,24
1778,24
4119,24
376,24
342,24
400,24
396,24
394,24
7858,24
7857,24
7383,24
5483,24
1782,24
9398,24
1776,24
1798,24
6568,24
4555,24
4550,24
9098,24
2800,24
2799,24
8512,24
1746,24
8205,24
7360,24
2164,24
2183,24
6533,24
9864,24
9862,24
6529,24
9846,24
430,24
9837,24
428,24
427,24
8747,24
3587,24
3614,24
419,24
2784,24
2780,24
8565,24
8564,24
2990,24
6503,24
1728,24
5473,24
5501,24
9408,24
9407,24
1716,24
1738,24
7596,24
1747,24
4121,24
9280,24
4244,24
4215,24
450,24
6525,24
474,24
473,24
3794,24
3820,24
8752,24
8805,24
3600,24
9109,24
9108,24
2723,24
8498,24
4576,24
7073,24
7102,24
3596,24
7884,24
510,24
7000,24
5507,24
5535,24
5532,24
1703,24
9417,24
8643,24
8641,24
6983,24
8968,24
5067,24
2181,24
5062,24
501,24
7556,24
2730,24
2695,24
2750,24
4582,24
4578,24
8504,24
6496,24
6492,24
525,24
6451,24
6480,24
530,24
9821,24
3833,24
8923,24
5060,24
8346,24
5051,24
8916,24
5547,24
1654,24
3583,24
3580,24
568,24
6448,24
2682,24
1632,24
1630,24
5579,24
8189,24
8188,24
8926,24
4108,24
7226,24
4594,24
8485,24
8482,24
6437,24
7910,24
581,24
2719,24
5598,24
5597,24
4055,24
3300,24
7230,24
5564,24
9029,24
4356,24
4355,24
4375,24
9020,24
9015,24
601,24
9787,24
3556,24
3543,24
3541,24
3563,24
9781,24
6414,24
6411,24
6405,24
7915,24
6377,24
6373,24
6370,24
8351,24
8362,24
2209,24
2234,24
9263,24
9277,24
5019,24
5018,24
4977,24
5003,24
9258,24
1605,24
1580,24
5632,24
1599,24
1598,24
1595,24
9467,24
2671,24
8468,24
8466,24
4651,24
4640,24
4639,24
2701,24
9135,24
9130,24
4635,24
7475,24
3322,24
2244,24
4272,24
4227,24
3115,24
3316,24
8149,24
8146,24
7565,24
638,24
7923,24
6368,24
641,24
7480,24
1521,24
9471,24
9480,24
3324,24
6355,24
8477,24
2685,24
6901,24
3843,24
8831,24
3507,24
3506,24
2655,24
7283,24
8725,24
5690,24
4984,24
8383,24
9496,24
1506,24
1527,24
3856,24
670,24
625,24
654,24
679,24
9771,24
6342,24
6306,24
6329,24
8369,24
7674,24
5695,24
5694,24
5691,24
7951,24
2596,24
7301,24
2639,24
4645,24
4644,24
716,24
674,24
6302,24
6289,24
7963,24
730,24
729,24
3518,24
7160,24
5711,24
9493,24
1502,24
1500,24
1497,24
8661,24
4061,24
7122,24
7147,24
7143,24
7340,24
5703,24
1464,24
1460,24
9518,24
9511,24
5721,24
8134,24
1481,24
4713,24
9154,24
2608,24
3020,24
3013,24
9008,24
9007,24
9024,24
3028,24
3880,24
1435,24
4956,24
4281,24
8608,24
3845,24
725,24
724,24
6280,24
7758,24
7754,24
6268,24
6256,24
6251,24
766,24
780,24
6246,24
6238,24
4737,24
4710,24
5765,24
1422,24
1419,24
1401,24
8114,24
5715,24
5714,24
1409,24
2583,24
8449,24
799,24
7673,24
7672,24
8847,24
3520,24
4945,24
2323,24
2296,24
3351,24
6224,24
2498,24
4748,24
9178,24
9176,24
2559,24
2576,24
2567,24
804,24
5784,24
1382,24
5749,24
5747,24
5770,24
3342,24
3338,24
3335,24
3095,24
9703,24
9701,24
8718,24
3484,24
1346,24
1376,24
1375,24
8099,24
8097,24
9535,24
9529,24
6205,24
7462,24
836,24
2533,24
8990,24
6157,24
893,24
3894,24
3466,24
3459,24
8862,24
9690,24
912,24
7081,24
2345,24
2309,24
2528,24
2483,24
4774,24
8433,24
905,24
943,24
941,24
935,24
981,24
7449,24
988,24
7190,24
7186,24
3948,24
9218,24
9217,24
4925,24
8395,24
1360,24
1315,24
4008,24
4005,24
4004,24
4032,24
7059,24
7057,24
2511,24
2509,24
2505,24
7299,24
7323,24
3933,24
983,24
8016,24
6943,24
1297,24
5851,24
5849,24
5848,24
1341,24
1305,24
5809,24
5830,24
4902,24
9563,24
9554,24
1287,24
6968,24
6964,24
8091,24
8090,24
9650,24
1008,24
7577,24
7571,24
6941,24
6090,24
6089,24
1024,24
9659,24
4813,24
4797,24
3384,24
8386,24
2383,24
2378,24
9225,24
4895,24
4894,24
4885,24
3993,24
4788,24
4307,24
3072,24
3065,24
6075,24
6039,24
6050,24
3437,24
1280,24
1279,24
1272,24
5904,24
5859,24
6946,24
4023,24
8681,24
8677,24
8888,24
5912,24
2397,24
2360,24
2358,24
2408,24
2402,24
5910,24
8078,24
8075,24
5879,24
3959,24
2458,24
7317,24
2471,24
2470,24
2496,24
2494,24
2493,24
5948,24
8071,24
1227,24
5928,24
5891,24
5919,24
1233,24
1231,24
9576,24
1262,24
7194,24
6025,24
6023,24
1009,24
1069,24
6019,24
6018,24
6045,24
1087,24
3404,24
8689,24
2429,24
2428,24
4858,24
4296,24
4295,24
4292,24
8059,24
1104,24
1092,24
1090,24
9632,24
9624,24
1117,24
1114,24
1107,24
1105,24
1133,24
9601,24
1198,24
1197,24
5945,24
1216,24
3987,24
8695,24
6016,24
9197,24
9196,24
9194,24
9191,24
9190,24
4831,24
4827,24
8429,24
1126,24
1125,24
3087,24
4851,24
2422,24
2444,24
2439,24
1169,24
1147,24
8878,24
7204,24
3416,24
3409,24
8035,24
6934,24
7409,24
7437,24
6861,24
101,24
9949,24
123,24
110,24
9048,24
9043,24
6804,24
3688,24
7173,24
8771,24
3698,24
9997,23
9978,23
4177,23
4199,23
3192,23
8954,23
7551,23
92,23
74,23
1980,23
7031,23
5222,23
5218,23
5245,23
5241,23
9327,23
2906,23
9061,23
3060,23
2425,23
2437,23
9200,23
4818,23
9599,23
9602,23
1142,23
3974,23
3436,23
6930,23
1162,23
7439,23
7427,23
6841,23
6838,23
5962,23
5958,23
1212,23
1206,23
9595,23
3990,23
3418,23
3382,23
8045,23
8043,23
4848,23
4847,23
4810,23
6948,23
4269,23
3089,23
1058,23
1045,23
9201,23
2416,23
4291,23
3981,23
3980,23
8062,23
8057,23
9631,23
6029,23
9617,23
1108,23
1132,23
5989,23
9585,23
2454,23
2477,23
2467,23
2495,23
8423,23
5949,23
5936,23
5933,23
1245,23
1240,23
1204,23
3446,23
1039,23
1038,23
9639,23
6043,23
3439,23
9579,23
5903,23
5900,23
5863,23
3390,23
3386,23
2393,23
4874,23
8413,23
9206,23
8077,23
5880,23
3963,23
3951,23
3454,23
9652,23
4814,23
8393,23
8388,23
2353,23
2376,23
9228,23
3995,23
6972,23
4796,23
3041,23
3066,23
4278,23
4274,23
1033,23
6049,23
5832,23
5831,23
4899,23
4928,23
9562,23
9561,23
9553,23
1296,23
1291,23
1290,23
1288,23
6963,23
8093,23
1006,23
6087,23
9662,23
987,23
3942,23
4927,23
2352,23
5829,23
1351,23
5823,23
4030,23
7064,23
7086,23
7085,23
7084,23
8014,23
5847,23
5810,23
5839,23
4779,23
2482,23
8446,23
8442,23
8439,23
866,23
9669,23
884,23
883,23
944,23
6125,23
6107,23
6100,23
955,23
951,23
7450,23
6120,23
8001,23
3373,23
3372,23
7067,23
7066,23
4920,23
4918,23
4942,23
2344,23
2340,23
2311,23
2310,23
2335,23
3371,23
5816,23
4335,23
8989,23
8988,23
8984,23
4315,23
7999,23
7997,23
886,23
9693,23
3432,23
3430,23
3428,23
3914,23
6153,23
6150,23
6147,23
6202,23
7465,23
7464,23
821,23
818,23
7989,23
6186,23
6176,23
850,23
9696,23
7445,23
878,23
835,23
4766,23
2540,23
2530,23
3485,23
3480,23
3444,23
3441,23
3470,23
8705,23
9697,23
5815,23
1345,23
1365,23
8103,23
8101,23
5803,23
1404,23
1403,23
9531,23
4749,23
2547,23
2571,23
801,23
9523,23
5762,23
5783,23
7415,23
1387,23
4044,23
3333,23
9702,23
9700,23
8719,23
8717,23
8714,23
6193,23
8604,23
8599,23
8597,23
7602,23
7343,23
4950,23
4947,23
2332,23
2329,23
7070,23
3360,23
3355,23
6210,23
809,23
4751,23
1433,23
1394,23
1424,23
8123,23
8122,23
8120,23
1456,23
1454,23
4736,23
4731,23
2589,23
8457,23
6235,23
3496,23
3494,23
8840,23
6288,23
7750,23
7748,23
6243,23
6270,23
9743,23
9740,23
706,23
705,23
6255,23
6249,23
757,23
781,23
775,23
773,23
6236,23
9005,23
8999,23
3026,23
5741,23
5732,23
8128,23
2317,23
7610,23
7609,23
7606,23
7604,23
4265,23
4285,23
7253,23
3073,23
3876,23
8132,23
8129,23
9491,23
1457,23
8660,23
9520,23
9514,23
5723,23
5716,23
8136,23
8135,23
1443,23
1442,23
4718,23
4673,23
4351,23
7943,23
4697,23
4660,23
2626,23
2637,23
2631,23
9139,23
719,23
711,23
703,23
701,23
6276,23
734,23
7158,23
7156,23
3860,23
9762,23
684,23
6343,23
6313,23
7338,23
7337,23
9244,23
9243,23
9239,23
8373,23
4960,23
4958,23
7142,23
7678,23
5666,23
698,23
4337,23
4363,23
4358,23
5686,23
5651,23
5671,23
2266,23
4994,23
4993,23
2300,23
2283,23
4988,23
7342,23
8724,23
6321,23
9766,23
7933,23
4666,23
8475,23
8474,23
2659,23
9123,23
6882,23
6881,23
6907,23
6906,23
2650,23
7309,23
4641,23
8575,23
8574,23
4343,23
7457,23
7481,23
5668,23
5637,23
5634,23
5664,23
5656,23
1553,23
9473,23
1542,23
8153,23
4052,23
4078,23
4076,23
6359,23
6354,23
3323,23
2252,23
2249,23
2242,23
4271,23
4225,23
7238,23
8152,23
7473,23
618,23
617,23
611,23
640,23
6381,23
6366,23
644,23
5016,23
5642,23
1538,23
1559,23
7591,23
7405,23
5585,23
9469,23
9461,23
5613,23
5611,23
7932,23
2670,23
4638,23
2674,23
9131,23
9451,23
2714,23
2712,23
4394,23
4381,23
9019,23
9805,23
3849,23
3545,23
8822,23
3810,23
6376,23
6387,23
5605,23
1610,23
2225,23
4607,23
6433,23
9794,23
586,23
6422,23
6386,23
4631,23
3293,23
3292,23
4066,23
4084,23
4059,23
3301,23
7201,23
1618,23
9454,23
7903,23
6421,23
6441,23
2967,23
2680,23
2677,23
1646,23
1626,23
5578,23
5522,23
4081,23
8655,23
8654,23
7223,23
8494,23
8483,23
3840,23
3837,23
8347,23
8339,23
5052,23
5012,23
8914,23
1662,23
9443,23
9435,23
9429,23
3831,23
7197,23
3575,23
9815,23
7904,23
1674,23
1673,23
514,23
6466,23
2726,23
2693,23
2751,23
4589,23
6465,23
497,23
523,23
6473,23
531,23
557,23
556,23
552,23
1695,23
1694,23
6995,23
5526,23
5525,23
5493,23
4128,23
9428,23
5044,23
5072,23
5066,23
9275,23
9273,23
9269,23
9265,23
5061,23
5516,23
5512,23
464,23
458,23
6877,23
7501,23
469,23
6870,23
3799,23
3817,23
3816,23
8803,23
9107,23
2767,23
507,23
1672,23
1721,23
1720,23
5510,23
5477,23
1717,23
1713,23
4083,23
4082,23
3290,23
2201,23
2200,23
7262,23
4217,23
3135,23
3271,23
5517,23
7051,23
8198,23
407,23
9866,23
6547,23
9843,23
8744,23
8761,23
8813,23
2987,23
2986,23
2982,23
6513,23
6537,23
6536,23
1723,23
6562,23
2977,23
2794,23
2793,23
4515,23
4541,23
7867,23
8203,23
8202,23
7358,23
2176,23
2151,23
2188,23
9288,23
5076,23
7028,23
378,23
7865,23
7864,23
6590,23
8194,23
8193,23
1775,23
1768,23
5458,23
1801,23
9392,23
1765,23
5445,23
9295,23
6572,23
6570,23
4520,23
3622,23
6581,23
6577,23
7331,23
3124,23
1807,23
3230,23
3229,23
4114,23
4142,23
375,23
373,23
343,23
9857,23
383,23
6593,23
6612,23
8809,23
3788,23
3745,23
3260,23
8307,23
5096,23
2139,23
2137,23
2135,23
5111,23
8331,23
3627,23
4540,23
2816,23
7843,23
6652,23
6632,23
6626,23
7512,23
2146,23
5437,23
5417,23
5409,23
8223,23
1835,23
1834,23
7509,23
350,23
7489,23
7520,23
7692,23
7280,23
7279,23
4512,23
4508,23
4158,23
4155,23
8639,23
8942,23
7646,23
8932,23
5403,23
8239,23
8230,23
5122,23
3635,23
1857,23
1827,23
5369,23
1841,23
5149,23
2132,23
2097,23
8312,23
8310,23
8226,23
8225,23
5390,23
3637,23
4519,23
4485,23
7694,23
5356,23
5180,23
5142,23
5137,23
2085,23
5124,23
1904,23
1897,23
9371,23
294,23
6649,23
6648,23
313,23
3646,23
3643,23
1859,23
2858,23
2854,23
2825,23
4494,23
256,23
8254,23
8241,23
3156,23
1916,23
1914,23
7825,23
7773,23
7769,23
6679,23
300,23
296,23
7830,23
264,23
3755,23
3747,23
3722,23
3718,23
4178,23
8634,23
4175,23
7248,23
3185,23
3211,23
5323,23
5320,23
8256,23
7620,23
6724,23
6723,23
7815,23
6692,23
6689,23
7526,23
224,23
233,23
229,23
245,23
241,23
6714,23
6710,23
7834,23
7833,23
7832,23
2865,23
9065,23
4387,23
2917,23
2943,23
2940,23
1945,23
5169,23
9307,23
9306,23
2076,23
1925,23
1923,23
1922,23
6744,23
222,23
3206,23
7805,23
7798,23
7811,23
7810,23
196,23
194,23
9357,23
1891,23
5311,23
5301,23
8258,23
5293,23
9355,23
9352,23
6747,23
4438,23
2886,23
2850,23
4463,23
3672,23
6780,23
5266,23
7370,23
7369,23
1940,23
1961,23
1976,23
7372,23
5260,23
4164,23
4182,23
4444,23
9944,23
6784,23
3740,23
7154,23
7153,23
7180,23
4165,23
5215,23
5207,23
2058,23
2049,23
9310,23
5203,23
1956,23
4469,23
3699,23
7540,23
9985,23
16,23
31,23
3,23
6843,23
6842,23
2,23
58,23
24,23
20,23
6775,23
6772,23
2881,23
2045,23
6864,23
6857,23
8769,23
9962,23
9954,23
121,23
4420,23
3689,23
3685,23
7172,23
7169,23
8777,23
8774,23
9968,23
38,23
3725,23
1,22
9984,22
32,22
9988,22
14,22
9,22
6848,22
6834,22
6863,22
6850,22
221,22
9908,22
7525,22
7534,22
7505,22
9900,22
251,22
271,22
9895,22
276,22
258,22
274,22
9887,22
290,22
336,22
9877,22
7879,22
7883,22
6893,22
6894,22
6868,22
6869,22
6516,22
6548,22
6549,22
6559,22
7872,22
6631,22
6633,22
6637,22
7841,22
6642,22
6339,22
6341,22
6345,22
6350,22
6357,22
6380,22
6394,22
7919,22
6385,22
6427,22
6431,22
7911,22
6418,22
6467,22
6457,22
7873,22
6261,22
6265,22
6924,22
6925,22
7745,22
7752,22
6279,22
6281,22
6285,22
6295,22
6303,22
6274,22
6277,22
6316,22
7946,22
7948,22
6091,22
6110,22
6142,22
6116,22
6146,22
6129,22
6170,22
6174,22
6145,22
6187,22
7993,22
6207,22
6182,22
7982,22
6245,22
6228,22
5953,22
6958,22
6932,22
6935,22
6000,22
8041,22
8042,22
5993,22
6032,22
6063,22
6034,22
6072,22
6073,22
8021,22
8022,22
8029,22
5872,22
6962,22
6965,22
6976,22
5860,22
5864,22
8076,22
5911,22
5924,22
5931,22
5950,22
8050,22
8058,22
5957,22
5975,22
5983,22
8144,22
5684,22
6989,22
7733,22
7744,22
5720,22
5697,22
5735,22
5739,22
5742,22
5759,22
5827,22
5840,22
5842,22
5844,22
5869,22
5524,22
5506,22
5552,22
5555,22
5589,22
5600,22
5573,22
5575,22
5603,22
5624,22
5629,22
5643,22
5658,22
5636,22
5641,22
5672,22
5374,22
7022,22
7718,22
7719,22
5385,22
5379,22
5420,22
8221,22
5461,22
5465,22
5469,22
5442,22
5443,22
5499,22
5478,22
5513,22
5217,22
7036,22
7037,22
5252,22
5256,22
5261,22
5267,22
5296,22
8259,22
8263,22
5303,22
5318,22
5326,22
5344,22
5361,22
5365,22
5042,22
7041,22
5077,22
5083,22
5088,22
5103,22
5114,22
5119,22
8314,22
8317,22
5131,22
5138,22
5140,22
8294,22
8298,22
5200,22
4941,22
7699,22
7707,22
4931,22
8381,22
4967,22
4969,22
5008,22
5022,22
8359,22
8350,22
8352,22
5028,22
5037,22
5056,22
8349,22
4783,22
4784,22
4759,22
4770,22
4808,22
4846,22
4838,22
8416,22
4849,22
4889,22
4890,22
8403,22
4912,22
8398,22
4926,22
4904,22
4559,22
8519,22
7103,22
4575,22
4583,22
4565,22
4606,22
4687,22
4695,22
4696,22
4720,22
8462,22
4707,22
4711,22
8435,22
4781,22
4400,22
8562,22
7115,22
7683,22
4408,22
8560,22
4417,22
4426,22
4451,22
4495,22
8541,22
8522,22
8523,22
4535,22
4551,22
4554,22
4208,22
7126,22
8613,22
8621,22
4252,22
4254,22
8596,22
8598,22
8605,22
4288,22
4264,22
4275,22
4308,22
8577,22
4378,22
4379,22
4039,22
4041,22
7151,22
8669,22
4070,22
4073,22
4077,22
4079,22
4065,22
8653,22
4127,22
4136,22
4150,22
4156,22
4176,22
4195,22
3887,22
7166,22
8706,22
8710,22
3910,22
3899,22
3909,22
3960,22
3973,22
8699,22
3994,22
3996,22
3997,22
8676,22
4027,22
4034,22
8775,22
7178,22
7179,22
3720,22
3721,22
8768,22
3771,22
3790,22
8742,22
3823,22
8735,22
3811,22
3854,22
3855,22
8729,22
3866,22
3581,22
7196,22
7653,22
7661,22
3598,22
3588,22
3621,22
3626,22
3641,22
3620,22
8798,22
3654,22
8786,22
8791,22
3681,22
8772,22
3440,22
3415,22
7215,22
7216,22
3431,22
8860,22
8863,22
3458,22
3476,22
8855,22
3503,22
8838,22
8846,22
3533,22
3567,22
3571,22
8924,22
8925,22
7222,22
7225,22
7231,22
3312,22
3284,22
3321,22
3356,22
3331,22
3367,22
3389,22
3402,22
3405,22
3407,22
8874,22
3209,22
3188,22
7644,22
3217,22
3228,22
3202,22
3242,22
8934,22
3252,22
3257,22
8927,22
3270,22
3274,22
3276,22
8918,22
8921,22
8972,22
3074,22
7256,22
3116,22
8964,22
8967,22
3114,22
3147,22
3121,22
3155,22
3165,22
3167,22
3181,22
3182,22
8947,22
8958,22
2950,22
2955,22
7277,22
2970,22
9025,22
9027,22
9033,22
2965,22
3005,22
9013,22
3012,22
3033,22
3064,22
3070,22
3058,22
3059,22
2827,22
7289,22
7632,22
2841,22
2863,22
2839,22
2869,22
2849,22
9059,22
9063,22
2897,22
2900,22
2904,22
2905,22
2926,22
2913,22
9150,22
7304,22
7310,22
7286,22
2697,22
2684,22
2718,22
2689,22
2727,22
2738,22
9110,22
9113,22
2777,22
2757,22
2803,22
2809,22
2487,22
2466,22
2469,22
7314,22
7319,22
7328,22
2503,22
2519,22
2520,22
2514,22
2546,22
2549,22
2552,22
2582,22
2592,22
2623,22
9247,22
7344,22
7611,22
2331,22
2341,22
2351,22
2398,22
2369,22
2388,22
2440,22
2445,22
2447,22
2463,22
9193,22
9195,22
2453,22
2136,22
7355,22
7356,22
7332,22
7333,22
2154,22
2156,22
2170,22
2208,22
9267,22
2250,22
9256,22
2264,22
2275,22
2258,22
9240,22
1942,22
1944,22
9334,22
2004,22
2011,22
2031,22
2032,22
2034,22
9315,22
2064,22
2079,22
9302,22
9303,22
2087,22
2068,22
2082,22
1757,22
7385,22
1772,22
1796,22
1780,22
1809,22
1871,22
1885,22
9372,22
1918,22
9360,22
1924,22
1930,22
1948,22
9349,22
1965,22
1562,22
7401,22
1577,22
1597,22
1603,22
9455,22
1647,22
1659,22
1664,22
1690,22
1666,22
1725,22
9412,22
1715,22
1745,22
1755,22
1380,22
7393,22
9512,22
1444,22
1452,22
9498,22
9504,22
1478,22
1494,22
9494,22
1520,22
1524,22
1532,22
9477,22
9486,22
1560,22
9612,22
7431,22
7435,22
1192,22
9597,22
1187,22
1225,22
9573,22
1268,22
9556,22
1352,22
1367,22
1368,22
1372,22
1347,22
1392,22
985,22
962,22
1011,22
997,22
1001,22
1005,22
1048,22
1055,22
1071,22
1074,22
1084,22
1086,22
9625,22
1135,22
1106,22
1110,22
846,22
819,22
7467,22
7446,22
861,22
880,22
9691,22
871,22
898,22
9674,22
9676,22
9677,22
915,22
954,22
976,22
945,22
614,22
7474,22
7476,22
653,22
668,22
665,22
9753,22
763,22
764,22
9726,22
790,22
795,22
811,22
814,22
789,22
9707,22
472,22
7500,22
7502,22
505,22
498,22
538,22
9818,22
558,22
533,22
563,22
9806,22
600,22
622,22
9785,22
629,22
609,22
9878,22
7495,22
324,22
371,22
355,22
393,22
9867,22
414,22
388,22
391,22
432,22
9851,22
9853,22
459,22
480,22
489,22
6808,22
9998,22
10000,22
26,22
9947,22
103,22
116,22
9937,22
135,22
141,22
113,22
9931,22
9933,22
9934,22
151,22
9918,22
7837,22
6678,22
6685,22
6658,22
6663,22
7827,22
6696,22
6729,22
6741,22
6765,22
6753,22
6798,22
6831,22
6802,22
6805,22
6807,22
104,21
9946,21
8674,21
115,21
57,21
7535,21
7546,21
9992,21
4110,21
7456,21
181,21
193,21
214,21
18,21
4016,21
4014,21
4001,21
4103,21
4100,21
8650,21
8692,21
3983,21
3970,21
3969,21
4000,21
8716,21
3920,21
8646,21
7382,21
7381,21
7599,21
236,21
231,21
253,21
250,21
7411,21
7432,21
8625,21
3947,21
3940,21
3964,21
3955,21
8700,21
4198,21
3809,21
7608,21
7601,21
269,21
283,21
319,21
316,21
310,21
334,21
7329,21
7390,21
348,21
362,21
354,21
381,21
372,21
9871,21
9863,21
9889,21
7303,21
3839,21
3835,21
3827,21
8727,21
3883,21
3882,21
4213,21
4212,21
8601,21
7637,21
7243,21
415,21
9855,21
9852,21
9850,21
7276,21
7270,21
7267,21
7624,21
4267,21
4262,21
3792,21
3787,21
8746,21
3798,21
4187,21
3700,21
3726,21
3713,21
4316,21
7192,21
444,21
462,21
455,21
449,21
9858,21
7211,21
7209,21
506,21
503,21
502,21
516,21
543,21
9849,21
447,21
8592,21
4330,21
3772,21
8765,21
4377,21
8789,21
3674,21
3667,21
3694,21
3686,21
8820,21
4391,21
4424,21
4423,21
9797,21
7034,21
7033,21
496,21
7133,21
7130,21
8553,21
4447,21
8818,21
8817,21
3560,21
3576,21
3572,21
4470,21
8544,21
8537,21
4492,21
607,21
624,21
637,21
6984,21
7687,21
7686,21
7116,21
4489,21
3513,21
3508,21
8861,21
4516,21
4513,21
627,21
656,21
646,21
9768,21
9765,21
7056,21
4542,21
8527,21
3482,21
3495,21
8836,21
8516,21
4560,21
6986,21
681,21
692,21
689,21
9755,21
6981,21
7005,21
7728,21
4549,21
3443,21
3460,21
8864,21
3361,21
8887,21
4590,21
8488,21
3392,21
3401,21
8906,21
4597,21
4612,21
4637,21
6908,21
752,21
744,21
660,21
6939,21
6956,21
6966,21
4629,21
4628,21
4627,21
8476,21
4648,21
3353,21
3345,21
3376,21
4646,21
4677,21
6820,21
6866,21
6890,21
9731,21
9730,21
758,21
756,21
6885,21
6883,21
6909,21
6791,21
6790,21
6788,21
6785,21
9719,21
787,21
816,21
3240,21
3239,21
8445,21
4760,21
3159,21
3189,21
3187,21
3205,21
3227,21
3224,21
8930,21
3105,21
4778,21
7809,21
7807,21
7804,21
834,21
864,21
862,21
772,21
4792,21
4785,21
8425,21
4822,21
4708,21
4856,21
4866,21
6705,21
6736,21
887,21
906,21
924,21
9706,21
823,21
842,21
7816,21
7814,21
8978,21
3042,21
4886,21
4882,21
2996,21
7839,21
919,21
917,21
930,21
973,21
854,21
877,21
6693,21
6720,21
3017,21
3011,21
3010,21
3009,21
9004,21
8997,21
4857,21
4952,21
4946,21
4971,21
6638,21
7856,21
7842,21
6644,21
6539,21
6551,21
6664,21
6661,21
4968,21
2975,21
2962,21
2992,21
2979,21
3003,21
8411,21
2956,21
9034,21
9032,21
9028,21
4966,21
9634,21
1102,21
9623,21
7881,21
1004,21
1023,21
4981,21
4980,21
5002,21
4997,21
4915,21
4939,21
4938,21
5011,21
5030,21
1155,21
1178,21
1170,21
9590,21
6430,21
6428,21
6566,21
1032,21
1202,21
1243,21
9581,21
9569,21
1122,21
1148,21
1139,21
5049,21
2892,21
2910,21
2909,21
2939,21
2937,21
2959,21
5071,21
5069,21
5063,21
5087,21
5081,21
1307,21
1344,21
1339,21
9538,21
6336,21
6425,21
6442,21
6436,21
7898,21
6455,21
8321,21
5102,21
2871,21
9071,21
8354,21
5023,21
5094,21
5116,21
5109,21
5127,21
1348,21
1373,21
9532,21
9528,21
6407,21
7917,21
1250,21
1276,21
5144,21
2791,21
9077,21
2847,21
5164,21
5160,21
5153,21
8301,21
1418,21
1414,21
1430,21
9510,21
1450,21
6233,21
6367,21
6358,21
5183,21
2760,21
2778,21
2775,21
2772,21
9103,21
9101,21
5193,21
2642,21
7954,21
1471,21
1466,21
1480,21
1473,21
6282,21
6300,21
6298,21
6315,21
1504,21
9488,21
9484,21
1550,21
1546,21
6241,21
7968,21
7955,21
2672,21
2686,21
2713,21
2749,21
2766,21
2629,21
2628,21
9143,21
6135,21
6134,21
6152,21
6164,21
6071,21
6218,21
6214,21
6212,21
7976,21
5244,21
5262,21
5269,21
8267,21
8260,21
5289,21
5282,21
5310,21
5306,21
1629,21
9442,21
1651,21
9426,21
1689,21
6038,21
1537,21
1564,21
8248,21
8243,21
5337,21
2595,21
2610,21
2532,21
2557,21
2554,21
1688,21
1685,21
1681,21
1707,21
1704,21
1699,21
9422,21
5964,21
6111,21
6104,21
6124,21
1585,21
1613,21
1734,21
1804,21
1800,21
6064,21
6061,21
6057,21
8032,21
5360,21
5354,21
5345,21
5372,21
8234,21
2569,21
5380,21
5418,21
5411,21
8214,21
5438,21
2442,21
2518,21
2534,21
2356,21
5463,21
5462,21
8204,21
8063,21
5946,21
1833,21
1868,21
9375,21
5996,21
6027,21
6046,21
9414,21
1880,21
1935,21
9350,21
1794,21
1822,21
1814,21
8067,21
5926,21
2385,21
2432,21
2426,21
2287,21
2279,21
2274,21
9234,21
2301,21
5852,21
8085,21
5858,21
5882,21
1955,21
9329,21
2000,21
9364,21
5896,21
5895,21
5918,21
2314,21
2305,21
2330,21
9224,21
2357,21
5610,21
5601,21
5779,21
5819,21
5838,21
5833,21
5853,21
2235,21
9252,21
2254,21
5495,21
8177,21
8161,21
8147,21
5646,21
5661,21
2163,21
2177,21
5756,21
5753,21
9313,21
2043,21
2050,21
9305,21
9301,21
5659,21
5776,21
5774,21
5772,21
5769,21
5791,21
2159,21
2157,21
2152,21
8169,21
8168,21
5705,21
5713,21
8117,21
9278,21
5652,21
5680,21
7468,21
7466,21
7484,21
7566,21
7561,21
125,21
76,21
68,21
4028,21
4022,21
4019,21
4036,21
8658,21
4063,21
4051,21
10,21
108,21
85,20
9990,20
9982,20
4,20
25,20
86,20
4062,20
4047,20
4080,20
4109,20
7584,20
7574,20
189,20
201,20
9919,20
9913,20
4007,20
4002,20
8647,20
3978,20
8712,20
8707,20
3889,20
7590,20
8192,20
8115,20
9299,20
1988,20
2116,20
2153,20
2148,20
9294,20
8163,20
5698,20
5728,20
5718,20
2207,20
2198,20
2195,20
9266,20
8173,20
5785,20
8110,20
5806,20
5801,20
2013,20
2008,20
2007,20
2019,20
9322,20
5800,20
5814,20
2233,20
2231,20
2227,20
2247,20
9203,20
2423,20
2245,20
8088,20
1938,20
1973,20
9362,20
5897,20
2315,20
2334,20
2339,20
9223,20
2364,20
5607,20
8176,20
8174,20
9365,20
8033,20
6015,20
5915,20
5907,20
5906,20
1874,20
1895,20
1912,20
1932,20
9377,20
5500,20
2382,20
2381,20
2410,20
9208,20
2561,20
9160,20
5402,20
5399,20
5398,20
5414,20
8217,20
2446,20
2501,20
2513,20
5428,20
8196,20
8060,20
5952,20
1838,20
1858,20
9173,20
5332,20
5963,20
8044,20
1573,20
1714,20
1753,20
1752,20
9396,20
1761,20
1783,20
1802,20
6053,20
8026,20
5387,20
2570,20
5325,20
5321,20
1627,20
9449,20
9447,20
1696,20
1579,20
1578,20
6144,20
6139,20
8255,20
2599,20
2597,20
2615,20
2613,20
9177,20
2763,20
2656,20
2654,20
5248,20
6171,20
7995,20
7994,20
6066,20
6082,20
6188,20
6177,20
5268,20
8265,20
5292,20
5194,20
2600,20
1467,20
1483,20
7952,20
6317,20
7973,20
1490,20
1551,20
1547,20
1539,20
6254,20
6263,20
7965,20
2665,20
2673,20
2746,20
9111,20
1451,20
6229,20
6333,20
6330,20
6360,20
6353,20
2755,20
9100,20
9095,20
5186,20
5216,20
5205,20
5231,20
6284,20
1472,20
1470,20
1361,20
1378,20
1399,20
1397,20
7916,20
9557,20
5145,20
2797,20
2796,20
2789,20
2785,20
5046,20
5143,20
5139,20
1413,20
1412,20
2936,20
8329,20
1316,20
1343,20
9550,20
9542,20
1358,20
1214,20
2842,20
2835,20
2875,20
2872,20
9092,20
8311,20
7934,20
7927,20
9588,20
6567,20
1018,20
1037,20
1029,20
1241,20
1237,20
1235,20
9575,20
6395,20
6410,20
1130,20
1149,20
1138,20
9064,20
2898,20
6524,20
6520,20
979,20
9661,20
999,20
994,20
4961,20
4995,20
8356,20
5034,20
5031,20
5029,20
5055,20
9615,20
1164,20
1154,20
6578,20
6627,20
7855,20
6555,20
923,20
6662,20
6683,20
6681,20
2980,20
3007,20
4891,20
2952,20
1043,20
1095,20
9628,20
9619,20
8394,20
4917,20
3024,20
6680,20
6676,20
7840,20
7826,20
989,20
857,20
9685,20
3016,20
4817,20
4834,20
4936,20
4934,20
4975,20
8415,20
8994,20
6732,20
6727,20
907,20
900,20
9670,20
828,20
8993,20
3036,20
3034,20
3056,20
3053,20
3062,20
3084,20
3098,20
6749,20
6766,20
6756,20
859,20
770,20
769,20
9727,20
9721,20
6771,20
8419,20
4803,20
4823,20
4712,20
4747,20
4872,20
4870,20
3262,20
3282,20
3281,20
3309,20
8909,20
8441,20
3131,20
3184,20
3178,20
3173,20
3193,20
8935,20
3092,20
8966,20
4757,20
4755,20
6888,20
9752,20
9746,20
6910,20
7778,20
9713,20
786,20
738,20
9742,20
9738,20
9736,20
6823,20
6821,20
8452,20
4715,20
3241,20
7753,20
6923,20
6921,20
709,20
733,20
746,20
6955,20
6949,20
3334,20
3370,20
4667,20
4684,20
4680,20
4691,20
6853,20
6880,20
3449,20
3471,20
3464,20
3368,20
4562,20
4588,20
4586,20
4584,20
8495,20
8491,20
8489,20
3380,20
3394,20
4624,20
4609,20
7759,20
4453,20
8867,20
8865,20
8521,20
8515,20
7736,20
6988,20
686,20
678,20
9754,20
6977,20
6997,20
7723,20
4545,20
8510,20
4573,20
4517,20
4514,20
7721,20
7018,20
636,20
628,20
666,20
7032,20
7048,20
7043,20
7711,20
7709,20
4531,20
4529,20
8841,20
8833,20
599,20
598,20
597,20
9791,20
9782,20
7094,20
7691,20
7688,20
4525,20
3509,20
3535,20
3552,20
3550,20
3538,20
8827,20
4522,20
560,20
575,20
573,20
571,20
567,20
9803,20
584,20
9840,20
7109,20
7125,20
4446,20
4441,20
4340,20
4477,20
4496,20
583,20
4352,20
3759,20
3751,20
3767,20
4353,20
4383,20
8570,20
8561,20
4399,20
3601,20
3628,20
3668,20
3695,20
3711,20
4427,20
4425,20
446,20
451,20
397,20
7213,20
7645,20
7671,20
528,20
9819,20
9813,20
542,20
421,20
7669,20
7162,20
7159,20
4314,20
8589,20
8755,20
8602,20
7242,20
390,20
386,20
406,20
7264,20
7257,20
4258,20
3791,20
4168,20
4273,20
4301,20
7183,20
7170,20
7655,20
7336,20
7352,20
7348,20
7386,20
7622,20
7619,20
374,20
248,20
9896,20
7614,20
7613,20
3838,20
8730,20
3847,20
3844,20
8757,20
228,20
226,20
140,20
158,20
148,20
147,20
4115,20
4143,20
4130,20
8632,20
4185,20
8624,20
8622,20
3795,20
7603,20
7237,20
9960,20
106,20
112,20
98,20
4050,20
7455,20
7490,20
7519,20
7516,20
7508,20
7524,20
7549,20
12,20
8698,20
8696,20
4049,20
2221,20
2218,20
5590,20
5587,20
5614,20
5712,20
5707,20
2074,20
2099,20
7497,20
9939,20
117,20
44,20
91,20
54,20
79,20
71,19
33,19
8,19
4058,19
9945,19
7487,19
1884,19
9336,19
1943,19
5883,19
9345,19
9346,19
9353,19
1850,19
1826,19
1828,19
7384,19
197,19
208,19
7428,19
7429,19
7440,19
8626,19
8636,19
4151,19
4154,19
4018,19
7298,19
7311,19
7290,19
3873,19
3864,19
8726,19
8733,19
3825,19
3826,19
3832,19
249,19
8055,19
8064,19
5932,19
8066,19
2025,19
2026,19
2002,19
2010,19
8111,19
5787,19
5761,19
9390,19
1779,19
8611,19
4167,19
8748,19
280,19
259,19
260,19
7341,19
7318,19
7297,19
380,19
368,19
9875,19
3784,19
4286,19
4266,19
4233,19
8764,19
4214,19
8610,19
9394,19
1749,19
2061,19
9318,19
5752,19
5755,19
5738,19
1739,19
7643,19
7648,19
7232,19
3776,19
3735,19
4290,19
4298,19
4280,19
5961,19
5937,19
9418,19
1701,19
1708,19
1709,19
1711,19
9297,19
5710,19
8140,19
8142,19
5683,19
9304,19
7657,19
7171,19
7157,19
8782,19
3692,19
3696,19
3653,19
3636,19
425,19
411,19
385,19
7124,19
491,19
3617,19
4395,19
4370,19
4372,19
3616,19
3599,19
433,19
7200,19
4436,19
8814,19
3579,19
8557,19
4421,19
4406,19
519,19
7137,19
7149,19
2186,19
8148,19
8150,19
5628,19
5631,19
2173,19
2174,19
2147,19
2120,19
2066,19
6077,19
8018,19
8031,19
559,19
7113,19
7098,19
7078,19
7060,19
7061,19
9811,19
8826,19
3527,19
8529,19
4472,19
616,19
604,19
7062,19
7042,19
7053,19
9804,19
3478,19
3479,19
8851,19
4537,19
4518,19
6052,19
6054,19
1668,19
1679,19
9436,19
2220,19
9271,19
1637,19
1648,19
9453,19
9456,19
4572,19
8501,19
8505,19
7009,19
7724,19
6996,19
613,19
1625,19
1589,19
1594,19
5560,19
8185,19
5529,19
5491,19
9255,19
2229,19
2232,19
6122,19
6102,19
6096,19
7737,19
7743,19
6961,19
6952,19
9764,19
8868,19
3377,19
4585,19
3461,19
3427,19
3359,19
4653,19
4630,19
4613,19
8903,19
8904,19
9747,19
6985,19
6076,19
7992,19
2349,19
2326,19
9236,19
9242,19
2268,19
5572,19
6138,19
9466,19
1563,19
3299,19
3287,19
8920,19
3267,19
3272,19
741,19
6940,19
7751,19
6795,19
6769,19
9725,19
9728,19
754,19
6871,19
6851,19
3273,19
3258,19
3233,19
4716,19
4719,19
9476,19
1535,19
1536,19
5481,19
8197,19
8206,19
5453,19
5425,19
1503,19
6811,19
6813,19
7786,19
6787,19
3223,19
3149,19
7980,19
7984,19
6199,19
1476,19
2419,19
5423,19
3031,19
4761,19
4725,19
4809,19
4816,19
8421,19
820,19
830,19
9704,19
9712,19
9213,19
1479,19
1482,19
1459,19
7956,19
6271,19
6248,19
9507,19
5349,19
2499,19
2462,19
9682,19
7796,19
6739,19
6743,19
7812,19
3111,19
3096,19
3052,19
8983,19
8987,19
881,19
870,19
6721,19
6709,19
4878,19
4862,19
8995,19
3015,19
879,19
9186,19
9161,19
2577,19
2581,19
2566,19
5389,19
8228,19
8236,19
8237,19
5375,19
1426,19
6312,19
1002,19
9658,19
970,19
6687,19
928,19
2997,19
4924,19
8385,19
4896,19
8407,19
3001,19
901,19
6669,19
7844,19
6634,19
6616,19
9023,19
2966,19
4970,19
4955,19
4929,19
8355,19
8365,19
4987,19
6598,19
6292,19
6294,19
6299,19
9140,19
2632,19
5314,19
5308,19
9153,19
1364,19
1371,19
1350,19
9648,19
6587,19
9030,19
2951,19
2901,19
6557,19
6491,19
6470,19
6452,19
6454,19
9627,19
1083,19
8341,19
8343,19
5026,19
9068,19
6372,19
8286,19
5214,19
5275,19
5259,19
1320,19
1285,19
1160,19
1145,19
1151,19
1111,19
7876,19
2833,19
8333,19
5048,19
2848,19
1277,19
1278,19
1260,19
2721,19
2717,19
6408,19
6409,19
6390,19
6440,19
1199,19
9594,19
9088,19
5146,19
5118,19
5092,19
6393,19
9571,19
9582,19
1246,19
2770,19
2771,19
8292,19
5158,19
5165,19
2740,19
82,19
88,19
9959,19
13,19
29,19
7550,19
1933,19
5916,19
5890,19
4020,19
8687,19
4104,19
4107,19
159,19
119,19
7554,19
7531,18
7478,18
131,18
9935,18
9910,18
3956,18
3908,18
4134,18
3850,18
8736,18
255,18
209,18
5921,18
2029,18
1840,18
3803,18
8745,18
9886,18
289,18
7605,18
9127,18
2662,18
2667,18
7912,18
7914,18
1193,18
6461,18
6445,18
2808,18
5120,18
5089,18
9090,18
1182,18
1159,18
1263,18
2774,18
8278,18
5202,18
5192,18
5198,18
1289,18
1265,18
9603,18
1121,18
2857,18
2861,18
8322,18
5086,18
6483,18
1271,18
2703,18
2679,18
9026,18
2924,18
7868,18
7869,18
6564,18
6573,18
6541,18
1101,18
5032,18
5040,18
9072,18
2866,18
1047,18
6327,18
6310,18
5224,18
7938,18
6584,18
7836,18
6673,18
902,18
6671,18
2991,18
4976,18
7950,18
5221,18
5335,18
8245,18
1356,18
1052,18
1021,18
1022,18
841,18
7800,18
8975,18
3075,18
8992,18
3027,18
7820,18
7821,18
3037,18
4865,18
4879,18
3022,18
6695,18
9192,18
8235,18
1432,18
2443,18
2418,18
5429,18
8210,18
5415,18
4768,18
8443,18
4739,18
4740,18
4742,18
4793,18
9214,18
9505,18
9515,18
5330,18
2492,18
1512,18
813,18
788,18
9715,18
7788,18
6792,18
3225,18
3203,18
3143,18
3151,18
3123,18
6211,18
6219,18
9499,18
9503,18
2433,18
3318,18
3327,18
3288,18
3294,18
6826,18
737,18
771,18
9733,18
6886,18
6873,18
9481,18
2395,18
2399,18
5460,18
5464,18
5441,18
3455,18
6898,18
6911,18
720,18
3337,18
4654,18
697,18
702,18
7729,18
7986,18
6130,18
2278,18
9470,18
1548,18
3246,18
8936,18
8509,18
4553,18
9773,18
643,18
631,18
7023,18
7024,18
7008,18
1619,18
1604,18
5489,18
7734,18
3420,18
4598,18
8490,18
3450,18
8859,18
532,18
9817,18
8530,18
4466,18
620,18
9790,18
7047,18
562,18
3473,18
6051,18
2210,18
5606,18
2184,18
9444,18
8508,18
7152,18
3609,18
4376,18
456,18
437,18
7193,18
3492,18
8812,18
3558,18
8551,18
4390,18
8821,18
7675,18
2060,18
8025,18
8027,18
7220,18
7214,18
8766,18
3762,18
3733,18
3741,18
4303,18
4282,18
5681,18
5673,18
5678,18
7651,18
3706,18
3690,18
8800,18
7640,18
7326,18
7327,18
360,18
7625,18
325,18
3786,18
8593,18
3836,18
1764,18
1770,18
9402,18
9405,18
2039,18
8121,18
1727,18
8039,18
157,18
9965,18
9983,18
50,18
7545,18
7460,18
4060,18
7451,18
5878,18
1939,18
5826,18
5813,18
1887,18
9373,18
7391,18
213,18
2783,18
5199,18
8290,18
8293,18
7485,18
84,18
9973,18
1894,18
8073,18
8079,18
8080,18
4102,18
4112,18
4085,18
4071,18
8697,18
7436,17
9963,17
4160,17
8630,17
3916,17
1876,17
9358,17
9986,17
9987,17
4035,17
80,17
3928,17
3200,17
3186,17
6829,17
8068,17
2016,17
2009,17
2023,17
7366,17
7594,17
3829,17
3313,17
4662,17
4674,17
4135,17
8138,17
8130,17
5967,17
5980,17
6030,17
9319,17
5898,17
2036,17
9406,17
9317,17
9314,17
8030,17
1687,17
2124,17
5623,17
5622,17
8151,17
5654,17
3874,17
3898,17
3891,17
4758,17
4800,17
3043,17
3100,17
718,17
726,17
8915,17
3296,17
3000,17
8409,17
8401,17
1655,17
9437,17
2179,17
5586,17
5615,17
2215,17
8737,17
4171,17
4162,17
5701,17
5736,17
5729,17
3779,17
3777,17
6093,17
8010,17
9260,17
5521,17
4893,17
6761,17
855,17
853,17
9686,17
2995,17
3019,17
9001,17
4876,17
9751,17
8473,17
1566,17
1554,17
1582,17
1581,17
5581,17
2281,17
2276,17
2295,17
8750,17
9883,17
8616,17
4236,17
377,17
9868,17
4318,17
8582,17
3729,17
9490,17
1505,17
2343,17
2384,17
5546,17
1552,17
6905,17
6899,17
6719,17
6713,17
6733,17
6731,17
7822,17
875,17
3442,17
9479,17
2481,17
2531,17
9180,17
1441,17
7218,17
7245,17
7617,17
4600,17
3400,17
3399,17
4884,17
4905,17
9667,17
5006,17
4998,17
2983,17
3422,17
9066,17
5035,17
3680,17
3705,17
7168,17
6283,17
7937,17
2586,17
5487,17
2387,17
1357,17
6364,17
6374,17
1354,17
8244,17
2620,17
5242,17
9536,17
413,17
3647,17
2891,17
6592,17
2908,17
2902,17
2923,17
2948,17
9035,17
630,17
8849,17
9808,17
5191,17
8284,17
7660,17
461,17
466,17
3595,17
4341,17
2585,17
2580,17
2450,17
9802,17
7046,17
7701,17
578,17
1014,17
1035,17
1031,17
9647,17
7095,17
7093,17
7695,17
1213,17
6369,17
2658,17
2716,17
2725,17
2741,17
1259,17
7144,17
9567,17
2814,17
1171,17
9586,17
1194,17
7901,17
7895,17
6464,17
6460,17
9119,17
2762,17
5179,17
4354,17
7150,17
1082,17
9621,17
7885,17
8525,17
8524,17
6523,17
1140,17
9604,17
1177,17
5106,17
8315,17
4435,17
3548,17
7075,17
8819,17
3570,17
7570,17
185,17
203,17
195,17
5923,17
8056,17
1836,17
1998,17
3977,17
8683,17
8460,17
6839,17
6872,17
3146,17
8959,17
8652,17
3913,17
7510,17
122,16
8951,16
3166,16
776,16
6819,16
3280,16
8451,16
4699,16
8685,16
8087,16
1839,16
5930,16
7582,16
7555,16
8835,16
7100,16
3525,16
2790,16
2795,16
5135,16
9091,16
7882,16
8850,16
5064,16
9084,16
6493,16
6468,16
1115,16
4523,16
8852,16
3631,16
1215,16
6420,16
1326,16
1311,16
8547,16
4422,16
500,16
2663,16
6398,16
1072,16
633,16
596,16
7039,16
9798,16
477,16
434,16
9545,16
1340,16
5227,16
1317,16
3499,16
8517,16
3414,16
2922,16
6560,16
8337,16
448,16
5328,16
5281,16
6347,16
9543,16
2480,16
2409,16
2587,16
5386,16
1406,16
3743,16
3679,16
8799,16
3662,16
2867,16
667,16
9653,16
4608,16
7626,16
7628,16
7207,16
2431,16
1487,16
6257,16
1445,16
1448,16
4580,16
4591,16
3004,16
9009,16
8881,16
3341,16
8899,16
5561,16
7970,16
6216,16
2417,16
3760,16
4222,16
331,16
2346,16
2299,16
658,16
4873,16
9684,16
849,16
6764,16
1617,16
1591,16
5687,16
6098,16
6103,16
6166,16
6168,16
3785,16
4241,16
4246,16
8617,16
5608,16
2197,16
1660,16
3314,16
3310,16
721,16
4732,16
4705,16
9311,16
5645,16
1683,16
1686,16
9323,16
2022,16
5969,16
5972,16
1682,16
7312,16
234,16
7380,16
2030,16
5790,16
9381,16
1799,16
43,16
97,16
102,16
7424,16
7398,16
3953,16
35,15
9961,15
19,15
9359,15
4152,15
7588,15
9729,15
4094,15
4620,15
3091,15
3093,15
8890,15
3175,15
7818,15
7790,15
707,15
3238,15
2907,15
3462,15
9637,15
6999,15
2893,15
4922,15
922,15
6583,15
6688,15
4972,15
9056,15
4964,15
2306,15
2473,15
5451,15
7265,15
1984,15
8702,15
9996,15
7463,15
8112,15
2259,15
8005,15
4249,15
9441,15
4186,15
2203,15
5571,15
8741,15
1992,15
1669,15
2057,15
2560,15
6400,15
4338,15
4360,15
3611,15
7659,15
2653,15
2643,15
1256,15
1303,15
399,15
8222,15
1388,15
1415,15
7929,15
2630,15
401,15
7135,15
5168,15
7676,15
6402,15
3515,15
2745,15
2873,15
3537,15
4480,15
5115,15
1181,15
2868,15
547,15
2912,15
6476,15
5841,14
1731,14
9344,14
188,14
210,14
7377,14
2214,14
298,14
5497,14
4209,14
5594,14
9257,14
4326,14
6169,14
6180,14
2468,14
515,14
5559,14
7893,14
7138,14
7239,14
5746,14
3702,14
2687,14
1152,14
3465,14
6534,14
1034,14
6677,14
9640,14
2957,14
4963,14
8463,14
8931,14
7749,14
8447,14
3085,14
715,14
8894,14
6953,14
4845,14
3032,14
909,14
7444,14
6563,14
8324,14
1020,14
8326,14
168,14
3918,14
1890,14
9929,14
2883,14
7961,14
6291,14
4533,14
8269,14
8844,14
509,14
2644,14
5276,14
4552,13
6611,13
1016,13
1969,13
9393,13
5913,13
5596,13
2238,13
2448,13
6067,13
9475,13
2436,13
5943,13
7491,13
2752,13
9164,13
7949,13
5004,13
7829,13
8370,13
3231,13
3077,13
3286,13
8912,13
3403,13
5173,13
6474,13
8566,13
4534,13
8810,13
6226,13
6403,13
8633,12
66,12
3153,12
247,12
5917,12
2603,12
9081,12
8873,12
865,12
8895,12
9083,12
677,12
8414,12
8693,12
5400,12
7145,12
481,12
2698,12
1300,12
1983,12
7629,12
242,12
6201,12
8715,12
2464,11
3006,11
3424,11
7413,11
8825,11
7406,11
5630,11
7071,10
1751,10
9909,10
5515,8
